Date,Open,High,Low,Close,Volume,Exchange
2025-10-03,2924.00,2924.00,2891.10,2903.00,2799767,NSE
2025-10-01,2891.00,2924.80,2866.60,2916.80,1941068,NSE
2025-09-30,2911.00,2915.30,2885.10,2894.90,2228350,NSE
2025-09-29,2916.00,2929.30,2894.00,2904.30,3084635,NSE
2025-09-26,2941.00,2954.80,2891.30,2905.40,3876112,NSE
2025-09-25,3022.00,3029.60,2951.00,2958.00,4930118,NSE
2025-09-24,3050.00,3057.00,3033.00,3036.00,1603299,NSE
2025-09-23,3070.00,3080.70,3052.00,3065.00,3055485,NSE
2025-09-22,3095.00,3106.90,3065.00,3075.50,2914607,NSE
2025-09-19,3170.00,3180.50,3144.00,3171.00,4883224,NSE
2025-09-18,3185.00,3203.00,3161.40,3177.00,2613572,NSE
2025-09-17,3152.00,3182.40,3142.40,3175.00,2409180,NSE
2025-09-16,3128.00,3150.00,3109.10,3147.90,2546538,NSE
2025-09-15,3134.00,3134.00,3096.00,3112.40,1717304,NSE
2025-09-12,3144.00,3148.70,3121.00,3133.00,1422083,NSE
2025-09-11,3139.00,3139.00,3110.10,3125.20,2214767,NSE
2025-09-10,3056.40,3122.70,3053.40,3110.00,2052912,NSE
2025-09-09,3032.10,3060.00,3030.80,3052.00,2474969,NSE
2025-09-08,3050.00,3064.90,3016.00,3023.00,2600888,NSE
2025-09-05,3097.10,3103.40,3028.60,3048.00,2789150,NSE
2025-09-04,3116.00,3118.00,3090.80,3095.80,1468300,NSE
2025-09-03,3129.90,3141.90,3088.00,3100.00,1760465,NSE
2025-09-02,3121.10,3132.90,3103.10,3131.00,298397,NSE
2025-09-01,3090.00,3131.10,3090.00,3112.60,1246862,NSE
2025-08-29,3093.00,3115.00,3077.20,3084.70,2271789,NSE
2025-08-28,3145.00,3146.50,3086.50,3093.70,3116051,NSE
2025-08-26,3129.00,3162.00,3120.00,3157.20,5522097,NSE
2025-08-25,3087.30,3152.00,3077.10,3140.60,3448370,NSE
2025-08-22,3086.00,3095.70,3050.00,3054.00,1593791,NSE
2025-08-21,3130.00,3130.00,3083.10,3102.60,3230726,NSE
2025-08-20,3010.90,3103.40,3010.90,3098.60,4952358,NSE
2025-08-19,3011.20,3025.00,3011.10,3016.20,2650784,NSE
2025-08-18,3046.50,3049.00,3003.40,3011.20,2945609,NSE
2025-08-14,3034.00,3055.90,3019.10,3022.30,3342174,NSE
2025-08-13,3036.10,3044.40,3028.60,3036.20,2148166,NSE
2025-08-12,3041.00,3096.40,3026.90,3035.40,3358232,NSE
2025-08-11,3036.40,3049.90,3021.30,3040.80,1884215,NSE
2025-08-08,3048.10,3059.80,3025.00,3036.40,2762140,NSE
2025-08-07,3016.00,3051.60,3010.90,3047.00,2543076,NSE
2025-08-06,3063.00,3066.80,3026.00,3032.30,1487081,NSE
2025-08-05,3074.40,3077.50,3042.00,3063.90,1927996,NSE
2025-08-04,3009.10,3079.40,2991.60,3074.40,2519252,NSE
2025-08-01,3029.90,3036.80,3000.00,3003.00,2053847,NSE
2025-07-31,3041.70,3059.80,3015.00,3036.80,2968371,NSE
2025-07-30,3060.00,3069.00,3047.20,3053.60,2880121,NSE
2025-07-29,3060.00,3074.00,3041.20,3056.00,4785312,NSE
2025-07-28,3110.00,3118.00,3069.90,3079.30,3374473,NSE
2025-07-25,3140.00,3156.90,3125.60,3135.80,2568917,NSE
2025-07-24,3165.10,3173.70,3140.00,3148.00,2934778,NSE
2025-07-23,3159.60,3182.00,3157.60,3179.10,1922875,NSE
2025-07-22,3159.60,3180.10,3154.60,3159.60,3198036,NSE
2025-07-21,3190.00,3197.60,3152.00,3158.20,3844346,NSE
2025-07-18,3225.00,3228.80,3187.00,3189.90,3432645,NSE
2025-07-17,3224.10,3242.00,3204.10,3209.20,2947640,NSE
2025-07-16,3227.00,3244.90,3220.60,3233.10,2540733,NSE
2025-07-15,3206.00,3259.40,3206.00,3252.30,2590889,NSE
2025-07-14,3266.00,3272.00,3200.00,3222.70,3924009,NSE
2025-07-11,3299.90,3335.00,3261.10,3266.00,7635550,NSE
2025-07-10,3380.00,3399.00,3356.00,3382.00,3035012,NSE
2025-07-09,3410.00,3414.00,3367.00,3383.80,2034938,NSE
2025-07-08,3405.00,3425.00,3393.40,3406.20,2325242,NSE
2025-07-07,3418.30,3426.10,3408.40,3411.70,1639174,NSE
2025-07-04,3408.00,3427.00,3390.10,3419.80,1109320,NSE
2025-07-03,3430.00,3435.30,3397.60,3400.80,2531870,NSE
2025-07-02,3487.20,3489.90,3420.00,3423.30,3090585,NSE
2025-07-01,3455.00,3485.00,3413.50,3429.70,2375183,NSE
2025-06-30,3439.90,3464.90,3430.00,3462.00,1468351,NSE
2025-06-27,3455.00,3466.40,3431.00,3441.10,1778433,NSE
2025-06-26,3444.80,3451.40,3415.30,3441.80,2879106,NSE
2025-06-25,3407.30,3450.00,3400.00,3444.80,1757699,NSE
2025-06-24,3434.60,3442.10,3382.00,3390.40,3403048,NSE
2025-06-23,3415.00,3425.00,3370.00,3393.60,3123421,NSE
2025-06-20,3425.00,3446.30,3410.90,3435.70,2351248,NSE
2025-06-19,3450.00,3451.00,3413.00,3424.00,2672768,NSE
2025-06-18,3519.10,3538.00,3443.10,3451.40,2696327,NSE
2025-06-17,3510.00,3520.00,3488.10,3515.30,2111940,NSE
2025-06-16,3440.00,3509.00,3426.20,3496.30,1934088,NSE
2025-06-13,3393.20,3450.50,3393.20,3445.70,2178493,NSE
2025-06-12,3471.90,3474.70,3423.20,3434.20,4060134,NSE
2025-06-11,3470.00,3489.00,3449.10,3471.90,2847013,NSE
2025-06-10,3440.00,3485.80,3423.20,3462.90,2419874,NSE
2025-06-09,3400.00,3434.00,3390.90,3421.90,1718678,NSE
2025-06-06,3371.10,3390.90,3358.70,3384.20,2070390,NSE
2025-06-05,3409.00,3409.00,3363.70,3371.10,3584683,NSE
2025-06-04,3389.00,3394.80,3370.00,3380.90,2544807,NSE
2025-06-03,3446.00,3473.50,3400.50,3405.20,2848125,NSE
2025-06-02,3450.00,3460.00,3418.60,3449.80,1877585,NSE
2025-05-30,3490.00,3506.70,3453.10,3463.40,3404365,NSE
2025-05-29,3504.70,3532.50,3486.50,3498.10,3188072,NSE
2025-05-28,3520.00,3529.00,3493.00,3497.70,1222933,NSE
2025-05-27,3532.00,3540.00,3483.10,3498.70,2467680,NSE
2025-05-26,3521.00,3545.00,3510.10,3537.30,967470,NSE
2025-05-23,3477.00,3535.00,3465.60,3514.60,1274331,NSE
2025-05-22,3495.00,3497.80,3451.30,3477.00,2034383,NSE
2025-05-21,3508.00,3537.00,3498.30,3525.80,1440153,NSE
2025-05-20,3531.80,3558.00,3494.00,3498.30,2038374,NSE
2025-05-19,3550.00,3550.00,3503.70,3518.80,2537377,NSE
2025-05-16,3593.90,3593.90,3546.10,3561.30,1666727,NSE
2025-05-15,3564.00,3600.00,3514.10,3579.90,3548330,NSE
2025-05-14,3521.00,3561.00,3508.60,3548.70,2119499,NSE
2025-05-13,3620.40,3623.00,3510.50,3515.00,3062887,NSE
2025-05-12,3505.00,3630.50,3502.20,3620.40,2228678,NSE
2025-05-09,3399.00,3446.20,3398.10,3440.30,2531757,NSE
2025-05-08,3448.00,3477.00,3428.70,3448.90,2543591,NSE
2025-05-07,3420.60,3459.50,3420.60,3445.10,1477128,NSE
2025-05-06,3460.00,3473.00,3437.00,3460.00,1324763,NSE
2025-05-05,3450.00,3504.50,3446.40,3454.30,1284443,NSE
2025-05-02,3472.00,3491.50,3420.00,3444.70,2115624,NSE
2025-04-30,3472.00,3509.90,3366.00,3453.70,2809332,NSE
2025-04-29,3455.00,3495.00,3430.40,3472.50,1578332,NSE
2025-04-28,3435.00,3457.80,3405.00,3443.50,1593296,NSE
2025-04-25,3420.00,3477.80,3405.00,3448.00,2742991,NSE
2025-04-24,3401.10,3412.50,3387.70,3401.60,2252175,NSE
2025-04-23,3365.00,3420.90,3337.30,3413.00,3543923,NSE
2025-04-22,3322.60,3333.90,3295.00,3314.40,2710498,NSE
2025-04-21,3290.10,3354.00,3284.10,3321.60,2432946,NSE
2025-04-17,3245.50,3303.60,3218.00,3298.90,2932346,NSE
2025-04-16,3248.20,3278.10,3229.00,3273.80,2384391,NSE
2025-04-15,3314.40,3314.40,3238.60,3248.20,3512160,NSE
2025-04-11,3289.55,3298.95,3206.00,3231.50,7108961,NSE
2025-04-09,3260.55,3270.00,3212.05,3246.60,2990265,NSE
2025-04-08,3302.05,3349.00,3255.30,3292.95,5557558,NSE
2025-04-07,3100.00,3291.40,3056.05,3274.05,6623955,NSE
2025-04-04,3362.60,3399.65,3295.50,3299.40,5317367,NSE
2025-04-03,3491.00,3502.00,3396.15,3403.15,4537821,NSE
2025-04-02,3544.00,3564.10,3530.05,3543.95,1764313,NSE
2025-04-01,3572.70,3584.00,3525.00,3550.80,2618493,NSE
2025-03-28,3651.00,3660.95,3591.90,3606.15,2051919,NSE
2025-03-27,3614.85,3663.00,3610.50,3651.20,2528474,NSE
2025-03-26,3647.75,3680.50,3625.85,3635.80,1734499,NSE
2025-03-25,3645.00,3710.00,3638.00,3657.75,3135390,NSE
2025-03-24,3600.00,3649.75,3566.60,3628.95,1834751,NSE
2025-03-21,3475.00,3616.25,3465.00,3578.10,4161925,NSE
2025-03-20,3512.00,3578.95,3512.00,3563.15,2845192,NSE
2025-03-19,3547.00,3547.00,3462.75,3497.10,3051244,NSE
2025-03-18,3502.35,3556.95,3478.45,3552.45,3069109,NSE
2025-03-17,3489.00,3530.45,3477.35,3497.70,2690906,NSE
2025-03-13,3502.30,3524.30,3484.10,3511.05,1693004,NSE
2025-03-12,3565.00,3569.25,3486.85,3506.20,3174167,NSE
2025-03-11,3558.00,3588.75,3537.65,3575.30,1995450,NSE
2025-03-10,3606.50,3622.10,3582.60,3589.65,1004626,NSE
2025-03-07,3600.00,3625.00,3574.40,3611.20,2051315,NSE
2025-03-06,3557.00,3609.45,3536.10,3601.60,2786513,NSE
2025-03-05,3520.85,3600.35,3520.85,3547.05,2501894,NSE
2025-03-04,3474.00,3551.00,3464.30,3532.05,2797737,NSE
2025-03-03,3485.00,3523.25,3476.15,3493.05,4990439,NSE
2025-02-28,3584.95,3600.00,3457.00,3483.25,7085018,NSE
2025-02-27,3611.70,3638.00,3600.70,3612.55,3823856,NSE
2025-02-25,3625.00,3658.00,3621.25,3629.55,4101954,NSE
2025-02-24,3743.15,3763.20,3670.00,3675.60,2508516,NSE
2025-02-21,3776.10,3817.00,3775.00,3786.00,1833931,NSE
2025-02-20,3761.50,3788.00,3751.30,3779.40,2888572,NSE
2025-02-19,3872.20,3874.95,3768.15,3784.10,4366672,NSE
2025-02-18,3898.40,3924.40,3864.50,3873.20,2149879,NSE
2025-02-17,3856.50,3934.00,3856.20,3904.50,1799806,NSE
2025-02-14,3925.00,3948.00,3900.00,3934.85,1681975,NSE
2025-02-13,3968.00,3984.45,3902.25,3910.15,2277310,NSE
2025-02-12,3971.10,4021.75,3940.15,3950.15,1678002,NSE
2025-02-11,4018.40,4040.00,3955.00,3963.55,1810908,NSE
2025-02-10,4040.00,4052.00,4014.35,4036.95,1339511,NSE
2025-02-07,4090.00,4090.00,4008.00,4029.40,1548940,NSE
2025-02-06,4105.40,4139.50,4051.55,4082.75,2284536,NSE
2025-02-05,4150.00,4150.00,4076.00,4091.10,1693912,NSE
2025-02-04,4083.70,4118.85,4066.05,4107.05,2547132,NSE
2025-02-03,4030.90,4077.00,3998.70,4068.65,1265713,NSE
2025-02-01,4113.00,4135.90,4056.00,4073.15,437172,NSE
2025-01-31,4110.00,4128.45,4085.25,4112.40,1492943,NSE
2025-01-30,4099.90,4129.90,4058.50,4100.05,1531251,NSE
2025-01-29,4054.00,4107.85,4054.00,4099.80,1217089,NSE
2025-01-28,4070.80,4102.00,4028.30,4040.30,2468272,NSE
2025-01-27,4102.00,4156.35,4041.05,4065.15,1551782,NSE
2025-01-24,4104.00,4178.00,4104.00,4152.35,1910099,NSE
2025-01-23,4168.00,4191.35,4140.05,4145.45,1822998,NSE
2025-01-22,4050.00,4163.15,4044.20,4156.60,2409223,NSE
2025-01-21,4095.30,4111.00,4030.00,4035.85,1971591,NSE
2025-01-20,4145.80,4145.80,4068.10,4077.80,1287799,NSE
2025-01-17,4159.90,4160.60,4100.05,4124.30,1761466,NSE
2025-01-16,4260.00,4294.00,4191.85,4206.30,2637705,NSE
2025-01-15,4218.00,4256.45,4207.45,4249.60,1653474,NSE
2025-01-14,4302.00,4313.90,4219.05,4233.05,3441709,NSE
2025-01-13,4245.00,4322.95,4227.40,4291.10,4003771,NSE
2025-01-10,4200.00,4297.00,4170.00,4265.65,7894300,NSE
2025-01-09,4101.00,4137.75,4025.30,4038.85,2392472,NSE
2025-01-08,4034.90,4126.00,4017.75,4108.40,2181277,NSE
2025-01-07,4114.95,4140.35,4011.55,4028.30,2669054,NSE
2025-01-06,4105.50,4149.65,4066.40,4095.00,2085593,NSE
2025-01-03,4179.95,4179.95,4092.30,4099.90,1791953,NSE
2025-01-02,4120.00,4183.00,4096.95,4175.75,1720835,NSE
2025-01-01,4094.40,4134.00,4085.45,4112.45,763161,NSE
2024-12-31,4135.00,4139.95,4032.05,4094.80,1555429,NSE
2024-12-30,4151.00,4199.30,4112.00,4158.80,1527169,NSE
2024-12-27,4163.00,4180.95,4147.25,4164.85,858100,NSE
2024-12-26,4179.50,4199.95,4143.15,4169.10,1208464,NSE
2024-12-24,4158.30,4218.00,4158.30,4179.50,1181886,NSE
2024-12-23,4200.05,4217.00,4114.90,4158.30,2195338,NSE
2024-12-20,4329.00,4382.00,4152.50,4170.30,4116989,NSE
2024-12-19,4282.00,4364.00,4262.00,4271.90,3015763,NSE
2024-12-18,4311.70,4362.00,4289.60,4347.85,1575404,NSE
2024-12-17,4410.00,4432.95,4318.00,4328.50,3225027,NSE
2024-12-16,4459.00,4475.00,4397.00,4415.20,1646224,NSE
2024-12-13,4434.95,4494.90,4394.40,4473.90,1967048,NSE
2024-12-12,4430.05,4485.00,4426.00,4454.95,1914642,NSE
2024-12-11,4431.85,4448.65,4407.00,4427.45,1635256,NSE
2024-12-10,4426.15,4493.80,4412.10,4432.55,2087828,NSE
2024-12-09,4430.45,4469.40,4415.55,4452.15,2066639,NSE
2024-12-06,4453.00,4465.00,4412.75,4445.50,1842087,NSE
2024-12-05,4400.80,4489.00,4360.00,4464.05,3746747,NSE
2024-12-04,4313.55,4386.95,4289.05,4354.40,3302642,NSE
2024-12-03,4314.35,4325.00,4265.45,4302.75,2010905,NSE
2024-12-02,4270.00,4288.20,4230.05,4276.65,1670944,NSE
2024-11-29,4220.00,4298.70,4195.65,4270.85,2017425,NSE
2024-11-28,4319.00,4339.95,4233.00,4244.90,2558544,NSE
2024-11-27,4358.95,4377.40,4324.05,4332.55,1558993,NSE
2024-11-26,4321.05,4366.60,4310.00,4352.70,2060669,NSE
2024-11-25,4280.00,4328.10,4252.20,4315.10,4052167,NSE
2024-11-22,4071.00,4254.95,4054.00,4244.60,3096553,NSE
2024-11-21,4044.90,4092.45,4024.00,4072.85,2384347,NSE
2024-11-19,4019.90,4132.15,4014.10,4039.55,1776233,NSE
2024-11-18,4213.00,4213.00,3990.20,4019.50,3313944,NSE
2024-11-14,4135.00,4160.00,4116.45,4145.90,1825432,NSE
2024-11-13,4178.10,4196.75,4131.05,4150.35,1098813,NSE
2024-11-12,4216.00,4218.00,4164.35,4197.40,1587640,NSE
2024-11-11,4128.20,4234.30,4117.65,4198.70,1406487,NSE
2024-11-08,4155.00,4169.75,4117.65,4147.00,1648039,NSE
2024-11-07,4169.70,4205.80,4085.05,4150.90,3724349,NSE
2024-11-06,4003.60,4149.80,3975.25,4139.65,3792017,NSE
2024-11-05,3941.10,3986.00,3941.10,3971.35,967590,NSE
2024-11-04,3966.30,3991.90,3913.25,3964.15,2269192,NSE
2024-11-01,3989.85,3998.95,3976.05,3984.20,154895,NSE
2024-10-31,4070.00,4078.30,3960.00,3968.45,3740372,NSE
2024-10-30,4075.00,4107.00,4060.05,4084.65,1935002,NSE
2024-10-29,4095.85,4103.50,4060.10,4075.25,1445885,NSE
2024-10-28,4068.95,4134.00,4051.00,4090.85,1532534,NSE
2024-10-25,4057.05,4092.00,4032.70,4057.55,1759676,NSE
2024-10-24,4004.00,4079.00,4004.00,4047.90,2676744,NSE
2024-10-23,3999.60,4113.55,3995.15,4066.25,1966476,NSE
2024-10-22,4066.00,4089.80,4006.35,4015.50,1928049,NSE
2024-10-21,4132.60,4139.95,4070.00,4079.85,1595450,NSE
2024-10-18,4090.00,4146.15,4080.00,4123.05,2361000,NSE
2024-10-17,4112.80,4129.95,4092.95,4109.00,2522659,NSE
2024-10-16,4085.00,4115.00,4067.20,4094.95,2359151,NSE
2024-10-15,4131.05,4169.95,4095.00,4116.80,2759474,NSE
2024-10-14,4140.00,4165.40,4122.20,4136.65,2137590,NSE
2024-10-11,4143.00,4241.95,4112.45,4149.20,5759183,NSE
2024-10-10,4253.25,4293.85,4198.60,4227.40,2378875,NSE
2024-10-09,4260.00,4295.00,4246.70,4252.95,1082504,NSE
2024-10-08,4272.60,4279.40,4203.95,4253.25,1541867,NSE
2024-10-07,4273.90,4297.25,4229.40,4272.85,1472619,NSE
2024-10-04,4225.00,4298.00,4224.05,4252.25,2965463,NSE
2024-10-03,4262.60,4279.00,4210.00,4232.75,3350119,NSE
2024-10-01,4255.55,4295.75,4242.95,4287.90,1823365,NSE
2024-09-30,4286.90,4298.75,4260.05,4268.50,2503416,NSE
2024-09-27,4335.00,4378.00,4300.05,4308.70,3012477,NSE
2024-09-26,4260.00,4316.80,4260.00,4292.50,3964251,NSE
2024-09-25,4252.35,4289.60,4240.00,4274.75,2713073,NSE
2024-09-24,4251.65,4291.00,4240.00,4271.30,3012026,NSE
2024-09-23,4300.00,4309.40,4253.00,4268.50,1702319,NSE
2024-09-20,4316.90,4330.70,4227.50,4284.90,5447908,NSE
2024-09-19,4390.05,4422.20,4281.80,4296.15,2927551,NSE
2024-09-18,4497.05,4497.05,4321.00,4346.15,2961779,NSE
2024-09-17,4513.25,4535.80,4466.00,4505.65,1699364,NSE
2024-09-16,4527.00,4546.05,4494.45,4513.25,1155120,NSE
2024-09-13,4530.00,4547.00,4505.00,4522.60,1458786,NSE
2024-09-12,4510.25,4532.60,4431.30,4517.70,2742216,NSE
2024-09-11,4521.45,4549.35,4471.25,4479.35,1325919,NSE
2024-09-10,4442.45,4539.95,4440.45,4507.85,1385591,NSE
2024-09-09,4455.00,4490.25,4430.50,4449.55,1184938,NSE
2024-09-06,4473.95,4518.95,4440.00,4456.75,1649179,NSE
2024-09-05,4481.00,4499.00,4454.15,4475.95,1688793,NSE
2024-09-04,4476.95,4487.00,4436.70,4479.25,1265505,NSE
2024-09-03,4521.05,4555.90,4495.90,4512.35,1717263,NSE
2024-09-02,4576.00,4588.00,4512.00,4521.05,1216500,NSE
2024-08-30,4500.00,4592.25,4487.80,4553.75,3637222,NSE
2024-08-29,4460.00,4556.00,4460.00,4511.80,2133641,NSE
2024-08-28,4498.75,4562.50,4457.30,4506.05,1848058,NSE
2024-08-27,4505.00,4510.00,4486.80,4497.15,930697,NSE
2024-08-26,4489.00,4552.15,4485.00,4502.45,1844164,NSE
2024-08-23,4500.00,4506.00,4455.00,4463.90,1809253,NSE
2024-08-22,4560.00,4560.95,4497.20,4502.00,1829872,NSE
2024-08-21,4518.00,4560.00,4492.55,4551.50,1896990,NSE
2024-08-20,4505.00,4565.00,4500.00,4523.30,2212298,NSE
2024-08-19,4421.00,4494.25,4390.35,4490.00,2055210,NSE
2024-08-16,4350.00,4427.00,4325.10,4416.05,3457058,NSE
2024-08-14,4209.00,4306.20,4188.15,4295.25,3226545,NSE
2024-08-13,4213.00,4234.00,4183.00,4196.95,1495593,NSE
2024-08-12,4230.00,4239.00,4186.35,4195.65,936912,NSE
2024-08-09,4217.00,4253.65,4205.55,4228.75,1302536,NSE
2024-08-08,4181.00,4232.00,4160.00,4172.55,2441283,NSE
2024-08-07,4228.00,4244.95,4180.30,4200.45,1237666,NSE
2024-08-06,4170.95,4258.25,4160.80,4171.20,2203067,NSE
2024-08-05,4239.00,4239.00,4110.50,4155.05,2787771,NSE
2024-08-02,4365.00,4398.00,4270.00,4283.05,2811282,NSE
2024-08-01,4399.40,4419.30,4365.05,4397.10,2202244,NSE
2024-07-31,4350.00,4414.00,4345.00,4385.35,2330091,NSE
2024-07-30,4391.10,4398.00,4327.30,4365.35,1797906,NSE
2024-07-29,4415.00,4431.00,4371.00,4381.10,1746803,NSE
2024-07-26,4350.00,4422.45,4337.05,4387.85,3552210,NSE
2024-07-25,4295.00,4343.00,4274.20,4322.50,2810342,NSE
2024-07-24,4287.50,4339.10,4268.10,4306.25,1809793,NSE
2024-07-23,4283.00,4361.70,4266.30,4302.35,2365208,NSE
2024-07-22,4299.95,4319.95,4265.00,4287.35,1896386,NSE
2024-07-19,4317.40,4358.75,4285.25,4302.40,3903354,NSE
2024-07-18,4160.00,4325.00,4160.00,4315.55,5613364,NSE
2024-07-16,4172.00,4194.55,4144.90,4178.45,2029521,NSE
2024-07-15,4235.70,4240.00,4157.05,4169.20,4848030,NSE
2024-07-12,3980.00,4199.95,3971.30,4183.95,13509164,NSE
2024-07-11,3931.00,3980.00,3895.60,3923.70,4872189,NSE
2024-07-10,3983.70,4003.30,3902.00,3909.15,2669716,NSE
2024-07-09,3985.00,4006.95,3975.10,3985.50,1305801,NSE
2024-07-08,4022.00,4031.25,3978.05,3993.20,1758882,NSE
2024-07-05,4010.00,4026.75,3988.00,4011.80,1668616,NSE
2024-07-04,3999.85,4047.35,3982.10,4020.95,2518001,NSE
2024-07-03,4020.00,4026.10,3955.00,3965.25,1821198,NSE
2024-07-02,3993.60,4023.40,3982.55,4017.40,2307449,NSE
2024-07-01,3884.00,4001.70,3884.00,3978.20,2658723,NSE
2024-06-28,3917.80,3960.00,3897.85,3904.15,2731571,NSE
2024-06-27,3831.00,3942.00,3818.10,3934.15,4526556,NSE
2024-06-26,3844.50,3866.95,3841.00,3855.85,1639845,NSE
2024-06-25,3817.00,3847.65,3792.90,3838.45,1338808,NSE
2024-06-24,3808.75,3857.00,3791.30,3816.80,1702154,NSE
2024-06-21,3827.00,3877.80,3798.05,3810.75,4642195,NSE
2024-06-20,3796.00,3809.95,3780.05,3787.25,2846526,NSE
2024-06-19,3827.65,3833.85,3792.95,3801.70,1509050,NSE
2024-06-18,3826.05,3842.00,3795.05,3815.10,1774045,NSE
2024-06-14,3889.00,3889.00,3828.00,3832.05,1860730,NSE
2024-06-13,3856.80,3890.00,3852.00,3878.15,1932323,NSE
2024-06-12,3874.40,3893.50,3827.45,3831.65,2177001,NSE
2024-06-11,3845.00,3879.95,3841.00,3852.10,1419898,NSE
2024-06-10,3895.00,3905.90,3841.90,3858.70,1734661,NSE
2024-06-07,3837.30,3915.00,3837.30,3893.95,4552445,NSE
2024-06-06,3781.00,3839.90,3741.50,3830.40,4328036,NSE
2024-06-05,3716.00,3783.80,3700.00,3746.45,2799670,NSE
2024-06-04,3700.00,3745.00,3591.50,3715.00,3395997,NSE
2024-06-03,3732.80,3751.55,3696.00,3702.85,2156773,NSE
2024-05-31,3740.00,3749.80,3653.75,3670.95,10956800,NSE
2024-05-30,3777.00,3794.40,3715.45,3736.10,2919230,NSE
2024-05-29,3848.90,3848.90,3800.00,3803.65,1568095,NSE
2024-05-28,3858.00,3870.00,3830.00,3839.90,1801993,NSE
2024-05-27,3855.00,3908.35,3841.35,3847.05,1841538,NSE
2024-05-24,3878.25,3883.80,3844.30,3849.50,1309452,NSE
2024-05-23,3840.95,3905.00,3825.50,3893.45,2095742,NSE
2024-05-22,3835.00,3841.25,3817.55,3832.00,1311168,NSE
2024-05-21,3830.60,3844.75,3810.05,3820.20,1908117,NSE
2024-05-18,3847.00,3861.90,3840.00,3851.45,91066,NSE
2024-05-17,3919.00,3920.00,3830.00,3834.10,2765804,NSE
2024-05-16,3891.10,3909.50,3843.50,3900.95,2599399,NSE
2024-05-15,3904.50,3926.95,3875.50,3880.40,1115021,NSE
2024-05-14,3936.00,3945.80,3892.90,3901.20,1058317,NSE
2024-05-13,3884.50,3955.00,3870.00,3947.80,931326,NSE
2024-05-10,3962.60,3973.60,3885.05,3893.90,1672489,NSE
2024-05-09,3962.00,3971.00,3910.05,3960.20,1726486,NSE
2024-05-08,3961.00,3984.30,3938.60,3976.95,1247685,NSE
2024-05-07,3930.80,3988.00,3913.50,3978.95,2062112,NSE
2024-05-06,3853.00,3939.95,3853.00,3921.05,2053831,NSE
2024-05-03,3890.15,3893.60,3797.60,3843.40,2962234,NSE
2024-05-02,3778.05,3871.10,3778.05,3863.30,2491044,NSE
2024-04-30,3872.00,3881.75,3810.00,3820.65,2203078,NSE
2024-04-29,3838.00,3877.80,3819.20,3870.20,1110693,NSE
2024-04-26,3855.15,3876.80,3802.55,3821.35,2039178,NSE
2024-04-25,3811.20,3873.65,3811.00,3852.20,2856271,NSE
2024-04-24,3890.00,3898.00,3824.45,3831.05,1317312,NSE
2024-04-23,3877.05,3895.00,3860.60,3874.70,1807586,NSE
2024-04-22,3837.00,3878.00,3812.00,3864.60,1728883,NSE
2024-04-19,3838.00,3852.55,3800.90,3826.20,2957749,NSE
2024-04-18,3876.80,3936.00,3850.00,3862.00,3476284,NSE
2024-04-16,3902.00,3928.70,3862.85,3872.80,3051420,NSE
2024-04-15,4001.40,4064.20,3919.05,3941.20,4200329,NSE
2024-04-12,3971.00,4013.35,3945.50,4001.40,4354821,NSE
2024-04-10,3956.40,3990.20,3918.00,3984.65,2101965,NSE
2024-04-09,3984.00,4015.85,3925.05,3946.55,1876992,NSE
2024-04-08,3983.00,4032.65,3960.00,3972.55,2302538,NSE
2024-04-05,3978.00,4002.00,3960.50,3979.25,1636819,NSE
2024-04-04,3975.90,4028.65,3935.25,4003.30,3394637,NSE
2024-04-03,3851.00,3981.00,3851.00,3947.30,3973090,NSE
2024-04-02,3890.00,3909.85,3873.00,3883.80,2142666,NSE
2024-04-01,3897.70,3933.30,3888.05,3916.75,1569676,NSE
2024-03-28,3850.10,3915.00,3840.50,3876.30,4311783,NSE
2024-03-27,3888.50,3895.00,3829.40,3840.90,1968575,NSE
2024-03-26,3875.00,3946.70,3871.45,3877.50,3440925,NSE
2024-03-22,3897.00,3938.00,3855.00,3910.90,5852485,NSE
2024-03-21,3990.05,4008.40,3948.00,3972.95,3829582,NSE
2024-03-20,3986.00,4018.00,3960.20,3970.90,1817913,NSE
2024-03-19,4051.25,4058.00,3966.60,3977.30,8931209,NSE
2024-03-18,4215.25,4254.75,4117.85,4152.50,1526904,NSE
2024-03-15,4192.60,4239.00,4177.00,4219.25,3373143,NSE
2024-03-14,4153.45,4225.00,4086.00,4207.60,2919608,NSE
2024-03-13,4205.00,4241.00,4131.90,4149.00,2837260,NSE
2024-03-12,4122.35,4229.95,4121.05,4192.25,4039801,NSE
2024-03-11,4089.00,4153.00,4089.00,4122.35,2304068,NSE
2024-03-07,4065.00,4124.00,4037.70,4108.60,2688905,NSE
2024-03-06,3994.05,4072.00,3958.45,4064.30,1744204,NSE
2024-03-05,4062.00,4064.00,3980.00,4012.10,2070859,NSE
2024-03-04,4105.00,4117.90,4075.90,4080.70,1749271,NSE
2024-03-02,4112.70,4129.50,4090.15,4107.10,65057,NSE
2024-03-01,4107.20,4140.00,4086.80,4094.35,2043265,NSE
2024-02-29,4099.00,4138.10,4064.55,4095.10,3772719,NSE
2024-02-28,4095.60,4154.90,4089.00,4118.95,1939225,NSE
2024-02-27,3999.00,4124.00,3999.00,4104.40,2960475,NSE
2024-02-26,4036.00,4050.00,3982.75,4001.05,1379284,NSE
2024-02-23,4130.00,4130.00,4046.40,4052.10,2538072,NSE
2024-02-22,3971.00,4094.95,3971.00,4087.10,2982052,NSE
2024-02-21,4013.00,4063.35,3980.60,3991.50,1885939,NSE
2024-02-20,4082.10,4098.00,4010.00,4030.65,1193648,NSE
2024-02-19,4123.05,4128.30,4055.00,4103.80,772291,NSE
2024-02-16,4113.25,4147.95,4100.10,4128.30,1307556,NSE
2024-02-15,4128.00,4146.30,4083.00,4103.20,1091582,NSE
2024-02-14,4107.00,4114.90,4049.50,4100.10,1391283,NSE
2024-02-13,4125.45,4170.00,4081.50,4149.50,1257415,NSE
2024-02-12,4130.00,4159.60,4105.55,4120.70,1013716,NSE
2024-02-09,4136.55,4184.75,4100.00,4133.70,2100596,NSE
2024-02-08,4090.00,4158.00,4086.05,4134.10,2345173,NSE
2024-02-07,4153.00,4155.00,4073.95,4083.40,2124267,NSE
2024-02-06,3997.00,4149.90,3990.00,4136.00,4474396,NSE
2024-02-05,3983.00,4022.00,3962.10,3973.30,1691523,NSE
2024-02-02,3875.05,3984.40,3872.00,3966.30,2826510,NSE
2024-02-01,3820.00,3904.90,3805.05,3854.15,2363107,NSE
2024-01-31,3811.20,3834.00,3796.45,3815.95,2459358,NSE
2024-01-30,3807.45,3847.80,3787.00,3800.55,1411621,NSE
2024-01-29,3800.80,3820.00,3780.85,3801.00,1646747,NSE
2024-01-25,3839.90,3861.00,3778.70,3810.30,2205154,NSE
2024-01-24,3880.00,3883.65,3805.60,3841.80,2657709,NSE
2024-01-23,3900.00,3933.90,3842.75,3858.25,2618854,NSE
2024-01-20,3948.00,3955.65,3855.55,3860.65,516477,NSE
2024-01-19,3945.00,3963.55,3915.05,3943.05,2941975,NSE
2024-01-18,3898.00,3908.80,3862.00,3902.60,2239110,NSE
2024-01-17,3819.00,3909.95,3812.55,3884.60,3458696,NSE
2024-01-16,3899.00,3899.00,3855.55,3861.30,1432672,NSE
2024-01-15,3960.00,3965.00,3885.00,3903.80,2801505,NSE
2024-01-12,3848.00,3905.25,3821.60,3882.80,6813450,NSE
2024-01-11,3724.00,3773.00,3707.00,3735.55,1777909,NSE
2024-01-10,3690.00,3729.25,3688.00,3713.05,1292227,NSE
2024-01-09,3709.95,3752.35,3682.75,3689.90,1370944,NSE
2024-01-08,3737.90,3739.75,3672.40,3678.30,1067805,NSE
2024-01-05,3675.00,3747.75,3674.85,3737.90,1963127,NSE
2024-01-04,3701.75,3719.00,3651.00,3666.80,3598144,NSE
2024-01-03,3767.00,3771.85,3687.05,3691.75,1803075,NSE
2024-01-02,3811.10,3811.10,3767.25,3783.20,1344068,NSE
2024-01-01,3790.00,3832.00,3773.00,3811.10,825907,NSE
2023-12-29,3792.00,3822.60,3765.40,3793.40,1574996,NSE
2023-12-28,3824.00,3838.00,3792.10,3799.90,1682889,NSE
2023-12-27,3799.00,3818.20,3768.00,3811.20,1293976,NSE
2023-12-26,3819.85,3834.00,3790.15,3795.55,1285231,NSE
2023-12-22,3800.00,3845.95,3762.00,3824.00,2413058,NSE
2023-12-21,3756.25,3806.70,3743.35,3787.50,1517562,NSE
2023-12-20,3827.25,3898.80,3766.55,3780.05,2586083,NSE
2023-12-19,3845.00,3855.10,3790.00,3816.20,2004435,NSE
2023-12-18,3858.10,3929.00,3830.15,3859.20,2521612,NSE
2023-12-15,3666.70,3895.95,3666.70,3861.00,8531230,NSE
2023-12-14,3630.00,3678.00,3627.60,3667.25,3290396,NSE
2023-12-13,3643.55,3650.00,3563.00,3593.55,3850968,NSE
2023-12-12,3638.95,3698.40,3631.00,3672.10,2236866,NSE
2023-12-11,3622.90,3653.00,3615.00,3642.90,1102503,NSE
2023-12-08,3633.00,3645.00,3602.05,3626.70,1641155,NSE
2023-12-07,3605.00,3630.55,3591.70,3614.90,1967653,NSE
2023-12-06,3532.60,3612.85,3525.15,3604.10,1896572,NSE
2023-12-05,3538.00,3538.00,3502.80,3531.60,1377656,NSE
2023-12-04,3544.65,3547.80,3498.00,3512.45,1625213,NSE
2023-12-01,3500.00,3516.95,3490.05,3511.65,1172141,NSE
2023-11-30,3499.45,3516.65,3481.00,3487.60,3266235,NSE
2023-11-29,3481.00,3518.00,3475.80,3513.75,1441634,NSE
2023-11-28,3457.10,3481.25,3433.00,3470.15,1689195,NSE
2023-11-24,3494.25,3504.55,3453.00,3457.10,1989733,NSE
2023-11-23,3530.00,3544.00,3500.00,3508.25,2729804,NSE
2023-11-22,3500.00,3532.65,3481.10,3530.15,1798051,NSE
2023-11-21,3519.60,3539.05,3501.00,3510.20,1807236,NSE
2023-11-20,3491.25,3533.90,3491.25,3519.60,1475621,NSE
2023-11-17,3497.85,3524.50,3492.55,3502.45,2021292,NSE
2023-11-16,3430.05,3529.35,3414.20,3497.85,3951984,NSE
2023-11-15,3383.10,3413.00,3356.05,3404.30,2059802,NSE
2023-11-13,3356.00,3356.00,3327.00,3331.55,1030990,NSE
2023-11-12,3350.00,3359.00,3345.00,3357.30,173346,NSE
2023-11-10,3338.00,3347.45,3322.35,3333.45,1338557,NSE
2023-11-09,3390.10,3391.50,3342.05,3347.45,2112352,NSE
2023-11-08,3371.45,3401.95,3369.55,3381.55,992899,NSE
2023-11-07,3378.00,3404.15,3366.00,3370.45,1191144,NSE
2023-11-06,3375.00,3392.30,3359.00,3380.25,1099852,NSE
2023-11-03,3382.00,3387.90,3344.30,3350.90,1402598,NSE
2023-11-02,3343.20,3375.95,3343.20,3360.10,1245384,NSE
2023-11-01,3355.00,3371.60,3311.00,3330.65,1563475,NSE
2023-10-31,3399.00,3399.00,3350.05,3368.75,999811,NSE
2023-10-30,3350.00,3382.85,3333.75,3378.55,910972,NSE
2023-10-27,3350.00,3362.00,3337.00,3350.95,1108851,NSE
2023-10-26,3368.05,3373.70,3330.00,3336.75,1984471,NSE
2023-10-25,3390.50,3425.00,3377.20,3390.10,1518537,NSE
2023-10-23,3473.00,3478.95,3401.30,3410.15,1106272,NSE
2023-10-20,3450.40,3499.50,3444.05,3494.55,1481211,NSE
2023-10-19,3469.50,3476.85,3451.90,3455.65,1514545,NSE
2023-10-18,3511.00,3522.70,3484.00,3487.25,1408245,NSE
2023-10-17,3530.00,3534.15,3503.35,3507.05,1672065,NSE
2023-10-16,3566.00,3574.65,3519.10,3524.05,1671104,NSE
2023-10-13,3530.00,3577.00,3525.00,3570.85,2890357,NSE
2023-10-12,3575.00,3588.65,3538.10,3542.55,4241281,NSE
2023-10-11,3650.00,3650.00,3605.00,3609.90,2426417,NSE
2023-10-10,3640.05,3648.00,3601.35,3628.90,1848148,NSE
2023-10-09,3645.05,3679.00,3631.00,3638.35,4233074,NSE
2023-10-06,3591.00,3634.95,3575.05,3621.40,2075691,NSE
2023-10-05,3554.00,3624.00,3551.20,3589.35,2990768,NSE
2023-10-04,3486.30,3548.00,3477.30,3537.75,1788138,NSE
2023-10-03,3534.20,3534.20,3480.10,3513.85,1948148,NSE
2023-09-29,3537.20,3568.45,3505.55,3528.60,2243791,NSE
2023-09-28,3600.00,3602.80,3527.35,3536.75,1755753,NSE
2023-09-27,3590.00,3614.00,3555.70,3589.30,1541134,NSE
2023-09-26,3567.60,3594.95,3536.00,3585.70,1726062,NSE
2023-09-25,3602.50,3620.00,3558.65,3577.15,1238778,NSE
2023-09-22,3584.00,3633.75,3565.05,3603.65,1989083,NSE
2023-09-21,3588.55,3605.00,3528.00,3585.30,2004073,NSE
2023-09-20,3580.00,3625.00,3580.00,3606.05,1649396,NSE
2023-09-18,3580.05,3619.30,3575.25,3606.15,1395753,NSE
2023-09-15,3567.85,3607.35,3562.45,3598.30,2952897,NSE
2023-09-14,3570.05,3597.70,3545.60,3560.05,2604721,NSE
2023-09-13,3571.10,3588.85,3545.00,3567.85,1754929,NSE
2023-09-12,3492.00,3589.90,3483.00,3580.80,4476016,NSE
2023-09-11,3462.00,3485.70,3445.00,3480.65,1783604,NSE
2023-09-08,3455.25,3465.00,3435.05,3441.90,1518917,NSE
2023-09-07,3430.80,3460.00,3422.30,3455.25,1885092,NSE
2023-09-06,3434.00,3443.90,3398.10,3429.90,1314818,NSE
2023-09-05,3420.00,3447.00,3405.15,3429.35,1501842,NSE
2023-09-04,3378.00,3432.85,3370.05,3418.50,1828332,NSE
2023-09-01,3366.00,3389.00,3356.80,3379.20,1277950,NSE
2023-08-31,3401.00,3417.40,3343.65,3356.80,3417652,NSE
2023-08-30,3398.00,3408.10,3383.05,3390.95,1188200,NSE
2023-08-29,3381.05,3389.55,3365.00,3376.15,944517,NSE
2023-08-28,3394.00,3394.00,3360.10,3375.55,1037485,NSE
2023-08-25,3375.00,3385.80,3350.25,3381.30,1158046,NSE
2023-08-24,3408.00,3413.05,3378.10,3387.75,1152881,NSE
2023-08-23,3388.00,3402.00,3376.00,3398.25,1330046,NSE
2023-08-22,3400.00,3411.00,3365.05,3382.15,1222012,NSE
2023-08-21,3375.00,3409.75,3372.00,3401.65,1375579,NSE
2023-08-18,3410.00,3410.00,3356.50,3367.10,2526749,NSE
2023-08-17,3455.00,3460.80,3413.20,3435.75,1843241,NSE
2023-08-16,3450.00,3466.00,3435.20,3458.40,1328445,NSE
2023-08-14,3440.70,3455.00,3411.00,3449.85,1190425,NSE
2023-08-11,3438.10,3466.65,3414.00,3448.80,1679974,NSE
2023-08-10,3450.00,3464.90,3430.05,3442.10,1096701,NSE
2023-08-09,3464.90,3467.00,3425.05,3462.50,1794589,NSE
2023-08-08,3484.05,3489.95,3456.60,3470.60,1634225,NSE
2023-08-07,3453.95,3488.00,3441.25,3484.05,1853889,NSE
2023-08-04,3401.25,3471.00,3401.25,3443.55,2248493,NSE
2023-08-03,3420.00,3433.25,3368.00,3399.95,2026351,NSE
2023-08-02,3434.95,3446.40,3413.60,3440.65,1914899,NSE
2023-08-01,3415.00,3460.00,3415.00,3452.05,1956167,NSE
2023-07-31,3364.40,3426.65,3360.90,3421.45,2743678,NSE
2023-07-28,3385.00,3393.70,3331.00,3355.40,2599831,NSE
2023-07-27,3394.95,3411.65,3385.05,3396.90,1701769,NSE
2023-07-26,3400.35,3420.85,3385.00,3388.30,1066803,NSE
2023-07-25,3397.50,3406.80,3380.20,3399.15,1272980,NSE
2023-07-24,3381.00,3413.45,3372.10,3394.75,1680132,NSE
2023-07-21,3404.05,3434.90,3359.05,3368.30,3770223,NSE
2023-07-20,3453.10,3478.90,3436.05,3463.30,1715404,NSE
2023-07-19,3500.00,3516.85,3445.65,3470.05,2405370,NSE
2023-07-18,3476.00,3524.00,3465.00,3496.85,2600090,NSE
2023-07-17,3510.00,3549.90,3477.05,3491.70,2743228,NSE
2023-07-14,3365.00,3524.85,3352.00,3514.65,6306101,NSE
2023-07-13,3284.00,3367.45,3272.75,3340.55,4585146,NSE
2023-07-12,3280.95,3289.15,3250.10,3259.90,1515240,NSE
2023-07-11,3295.00,3295.00,3260.80,3272.40,1110172,NSE
2023-07-10,3324.75,3324.75,3265.20,3271.95,1407431,NSE
2023-07-07,3302.00,3356.90,3302.00,3329.25,1789326,NSE
2023-07-06,3306.55,3328.45,3302.00,3322.90,1848238,NSE
2023-07-05,3320.00,3329.00,3305.00,3319.95,1453008,NSE
2023-07-04,3290.00,3315.00,3277.30,3308.85,1656681,NSE
2023-07-03,3314.30,3318.80,3268.75,3272.30,1687264,NSE
2023-06-30,3220.00,3310.00,3214.10,3302.25,2672406,NSE
2023-06-28,3208.00,3230.95,3193.40,3215.45,1575872,NSE
2023-06-27,3202.00,3209.65,3182.30,3197.35,863542,NSE
2023-06-26,3205.00,3213.90,3173.00,3189.65,1978803,NSE
2023-06-23,3237.30,3249.40,3209.15,3216.35,1119505,NSE
2023-06-22,3260.00,3267.65,3230.10,3238.50,1529603,NSE
2023-06-21,3250.00,3261.40,3223.95,3258.20,1645987,NSE
2023-06-20,3214.00,3232.50,3201.05,3227.70,1528452,NSE
2023-06-19,3190.00,3214.90,3175.00,3210.40,1468186,NSE
2023-06-16,3197.00,3199.40,3156.00,3174.90,4156189,NSE
2023-06-15,3245.30,3247.45,3210.00,3216.30,2273810,NSE
2023-06-14,3243.70,3255.85,3225.85,3251.05,1658544,NSE
2023-06-13,3260.00,3265.00,3239.00,3243.70,1371928,NSE
2023-06-12,3215.00,3254.40,3211.00,3246.90,2324605,NSE
2023-06-09,3245.00,3250.00,3205.35,3209.30,1775689,NSE
2023-06-08,3261.00,3270.00,3233.00,3236.45,1759366,NSE
2023-06-07,3253.00,3278.85,3241.00,3274.90,1567196,NSE
2023-06-06,3280.00,3288.85,3220.60,3232.30,2022849,NSE
2023-06-05,3315.00,3327.00,3285.05,3288.90,1861468,NSE
2023-06-02,3326.25,3335.90,3297.45,3305.60,2030661,NSE
2023-06-01,3314.00,3340.00,3297.50,3324.00,1177314,NSE
2023-05-31,3309.00,3327.70,3265.15,3289.50,5815424,NSE
2023-05-30,3315.00,3326.95,3301.35,3316.20,1344224,NSE
2023-05-29,3360.80,3372.00,3312.00,3320.35,1210372,NSE
2023-05-26,3293.50,3338.65,3291.00,3328.90,1791115,NSE
2023-05-25,3294.00,3306.00,3267.10,3293.50,1374917,NSE
2023-05-24,3276.00,3317.20,3276.00,3303.35,1016555,NSE
2023-05-23,3306.00,3327.95,3290.10,3297.05,1687418,NSE
2023-05-22,3230.00,3308.45,3217.05,3298.70,1333243,NSE
2023-05-19,3210.00,3234.50,3203.05,3222.85,1152449,NSE
2023-05-18,3225.95,3228.95,3195.00,3199.85,1369364,NSE
2023-05-17,3255.95,3280.00,3198.25,3208.70,1588815,NSE
2023-05-16,3256.20,3285.00,3250.45,3258.15,986306,NSE
2023-05-15,3284.00,3292.00,3248.35,3255.05,1150390,NSE
2023-05-12,3279.15,3290.00,3260.00,3274.30,1027479,NSE
2023-05-11,3309.00,3309.70,3272.00,3282.15,1719623,NSE
2023-05-10,3290.00,3306.50,3266.05,3286.80,1559987,NSE
2023-05-09,3252.60,3298.00,3246.00,3283.25,1107375,NSE
2023-05-08,3245.00,3254.85,3231.30,3250.60,928235,NSE
2023-05-05,3220.00,3244.00,3210.05,3230.70,1710027,NSE
2023-05-04,3180.15,3224.45,3178.00,3220.70,1953253,NSE
2023-05-03,3216.00,3216.00,3173.15,3179.90,2468285,NSE
2023-05-02,3235.00,3235.00,3210.00,3219.40,2321159,NSE
2023-04-28,3200.40,3227.25,3196.25,3219.25,2931312,NSE
2023-04-27,3185.00,3199.20,3170.65,3187.95,2434446,NSE
2023-04-26,3181.00,3208.40,3181.00,3198.15,2000029,NSE
2023-04-25,3183.00,3191.20,3147.50,3176.00,2024090,NSE
2023-04-24,3151.10,3180.95,3126.15,3174.80,1640676,NSE
2023-04-21,3110.00,3164.45,3100.80,3160.85,1929184,NSE
2023-04-20,3090.00,3113.00,3078.00,3104.80,2419999,NSE
2023-04-19,3130.75,3140.00,3071.50,3089.60,3298034,NSE
2023-04-18,3154.95,3156.85,3110.60,3130.75,2617302,NSE
2023-04-17,3134.10,3163.40,3070.25,3139.50,5505048,NSE
2023-04-13,3210.00,3230.00,3180.00,3188.85,4174070,NSE
2023-04-12,3227.95,3260.95,3199.00,3241.65,2417727,NSE
2023-04-11,3264.00,3272.95,3192.15,3213.80,2348779,NSE
2023-04-10,3220.00,3272.00,3215.00,3263.40,2203187,NSE
2023-04-06,3225.00,3257.35,3215.00,3220.70,1703464,NSE
2023-04-05,3185.50,3264.35,3185.50,3239.80,2655065,NSE
2023-04-03,3224.95,3224.95,3173.75,3200.00,1521830,NSE
2023-03-31,3189.95,3213.00,3152.00,3205.90,2382581,NSE
2023-03-29,3129.00,3150.00,3104.10,3138.90,1740616,NSE
2023-03-28,3127.00,3149.55,3110.15,3115.90,1303530,NSE
2023-03-27,3135.00,3152.75,3106.00,3122.30,1524217,NSE
2023-03-24,3148.90,3170.00,3106.00,3120.50,1329577,NSE
2023-03-23,3114.90,3146.35,3101.00,3124.65,1372218,NSE
2023-03-22,3130.05,3143.50,3106.10,3130.80,1123939,NSE
2023-03-21,3143.30,3156.75,3097.45,3106.10,1815297,NSE
2023-03-20,3169.65,3169.65,3095.05,3143.30,2289468,NSE
2023-03-17,3150.50,3221.40,3144.00,3179.30,6739966,NSE
2023-03-16,3208.00,3219.80,3172.00,3185.00,1901060,NSE
2023-03-15,3250.00,3260.35,3192.00,3198.90,1780522,NSE
2023-03-14,3280.00,3304.40,3209.40,3214.95,2670334,NSE
2023-03-13,3333.00,3369.80,3272.00,3281.95,1901233,NSE
2023-03-10,3312.90,3337.25,3290.00,3331.00,1024404,NSE
2023-03-09,3385.00,3385.00,3330.85,3336.85,1648500,NSE
2023-03-08,3364.00,3396.00,3330.85,3390.40,1844590,NSE
2023-03-06,3361.90,3404.95,3359.00,3371.85,1334132,NSE
2023-03-03,3354.00,3358.00,3331.10,3342.15,1043190,NSE
2023-03-02,3361.00,3369.90,3318.00,3321.45,1556538,NSE
2023-03-01,3323.00,3389.00,3315.00,3385.70,1669307,NSE
2023-02-28,3328.50,3392.00,3299.90,3312.85,4116217,NSE
2023-02-27,3390.00,3390.00,3316.00,3331.85,1128022,NSE
2023-02-24,3422.50,3433.95,3382.30,3400.45,977592,NSE
2023-02-23,3421.00,3452.40,3408.00,3413.80,1441570,NSE
2023-02-22,3414.95,3447.00,3395.00,3401.55,1218430,NSE
2023-02-21,3494.00,3508.90,3444.75,3451.00,1139541,NSE
2023-02-20,3502.00,3522.00,3475.05,3487.30,1296082,NSE
2023-02-17,3526.15,3538.90,3490.00,3501.15,1061369,NSE
2023-02-16,3527.20,3575.00,3527.00,3558.05,1618931,NSE
2023-02-15,3487.00,3526.00,3460.15,3520.65,1429449,NSE
2023-02-14,3505.00,3524.85,3495.00,3500.10,1579818,NSE
2023-02-13,3549.00,3549.00,3473.40,3482.40,1087939,NSE
2023-02-10,3520.00,3542.35,3508.15,3537.55,1187821,NSE
2023-02-09,3515.00,3547.60,3505.30,3540.85,1655427,NSE
2023-02-08,3478.05,3539.90,3478.05,3520.10,1986946,NSE
2023-02-07,3468.90,3493.00,3461.40,3472.55,1455647,NSE
2023-02-06,3473.15,3473.15,3436.85,3459.95,1138714,NSE
2023-02-03,3504.00,3504.00,3452.90,3482.30,1804469,NSE
2023-02-02,3427.00,3469.00,3420.10,3460.40,1813847,NSE
2023-02-01,3363.00,3419.00,3355.00,3408.35,2205161,NSE
2023-01-31,3449.00,3449.00,3351.00,3358.70,2820375,NSE
2023-01-30,3420.00,3458.45,3385.55,3433.65,1953798,NSE
2023-01-27,3426.00,3446.00,3382.30,3411.05,1785879,NSE
2023-01-25,3425.30,3435.00,3405.00,3429.75,874110,NSE
2023-01-24,3425.00,3451.95,3417.30,3436.30,1387863,NSE
2023-01-23,3388.00,3419.00,3355.60,3414.90,1067916,NSE
2023-01-20,3365.00,3394.65,3355.60,3363.10,1529349,NSE
2023-01-19,3380.00,3387.00,3361.00,3373.10,1585044,NSE
2023-01-18,3380.00,3408.95,3372.25,3390.00,2421189,NSE
2023-01-17,3330.00,3381.80,3321.00,3378.40,1688475,NSE
2023-01-16,3317.00,3353.00,3298.05,3334.05,1843607,NSE
2023-01-13,3342.90,3379.00,3305.00,3374.55,1742837,NSE
2023-01-12,3329.00,3350.00,3315.55,3334.35,2250391,NSE
2023-01-11,3290.10,3349.50,3271.15,3328.70,2720512,NSE
2023-01-10,3285.00,3298.00,3230.10,3286.40,3864655,NSE
2023-01-09,3229.00,3327.00,3221.15,3319.95,2885060,NSE
2023-01-06,3300.00,3301.55,3200.00,3211.55,2488376,NSE
2023-01-05,3330.20,3337.30,3281.95,3311.10,1826057,NSE
2023-01-04,3306.70,3327.35,3286.20,3314.65,1231668,NSE
2023-01-03,3252.00,3320.00,3245.30,3311.35,1245178,NSE
2023-01-02,3261.00,3266.85,3235.20,3261.45,709547,NSE
2022-12-30,3286.05,3299.00,3246.20,3256.70,1163131,NSE
2022-12-29,3231.10,3271.50,3228.00,3268.75,1037927,NSE
2022-12-28,3249.80,3266.10,3226.00,3257.10,910795,NSE
2022-12-27,3269.20,3273.80,3231.50,3259.50,835883,NSE
2022-12-26,3228.35,3272.00,3225.05,3252.90,870157,NSE
2022-12-23,3217.00,3266.85,3217.00,3228.35,1360281,NSE
2022-12-22,3294.00,3294.00,3245.10,3259.70,1384101,NSE
2022-12-21,3249.00,3283.05,3240.00,3268.55,1432566,NSE
2022-12-20,3198.90,3249.00,3163.65,3243.95,1529971,NSE
2022-12-19,3227.00,3245.50,3194.50,3202.05,2120965,NSE
2022-12-16,3275.00,3292.00,3225.20,3240.25,2703680,NSE
2022-12-15,3358.80,3364.75,3298.95,3305.10,1415694,NSE
2022-12-14,3348.80,3377.00,3340.90,3365.35,1213311,NSE
2022-12-13,3277.20,3336.45,3267.80,3332.10,1378016,NSE
2022-12-12,3255.50,3296.00,3236.10,3286.45,1527610,NSE
2022-12-09,3374.10,3374.10,3276.35,3292.75,1797896,NSE
2022-12-08,3360.00,3380.60,3339.45,3350.55,1285619,NSE
2022-12-07,3368.30,3393.70,3354.00,3380.60,1167505,NSE
2022-12-06,3400.05,3407.95,3368.00,3385.35,1166999,NSE
2022-12-05,3433.00,3439.15,3407.00,3425.90,1475065,NSE
2022-12-02,3458.10,3468.90,3413.00,3439.15,2411749,NSE
2022-12-01,3425.00,3480.00,3420.00,3475.65,2180856,NSE
2022-11-30,3383.00,3414.90,3375.00,3390.80,3410702,NSE
2022-11-29,3383.00,3429.00,3383.00,3397.35,1576028,NSE
2022-11-28,3366.00,3417.00,3365.55,3395.25,2195437,NSE
2022-11-25,3383.00,3403.35,3348.00,3389.65,1588981,NSE
2022-11-24,3316.25,3392.95,3308.30,3380.15,1296591,NSE
2022-11-23,3330.00,3330.00,3291.00,3308.30,1150011,NSE
2022-11-22,3280.00,3318.95,3255.25,3314.95,1149739,NSE
2022-11-21,3322.50,3333.70,3273.00,3283.50,1304194,NSE
2022-11-18,3350.00,3362.75,3321.00,3343.45,1164540,NSE
2022-11-17,3340.00,3360.00,3317.75,3349.00,1417986,NSE
2022-11-16,3338.90,3367.90,3321.45,3355.35,1748235,NSE
2022-11-15,3321.00,3339.95,3292.00,3332.60,1400708,NSE
2022-11-14,3324.00,3349.00,3309.00,3335.50,1342074,NSE
2022-11-11,3269.60,3341.60,3255.05,3315.95,3265394,NSE
2022-11-10,3170.00,3225.00,3170.00,3205.65,1573092,NSE
2022-11-09,3249.80,3249.80,3201.65,3216.05,1162267,NSE
2022-11-07,3229.00,3242.80,3195.10,3233.70,1474498,NSE
2022-11-04,3217.00,3220.05,3166.15,3217.40,1464013,NSE
2022-11-03,3228.05,3228.05,3195.00,3206.75,1422652,NSE
2022-11-02,3270.00,3270.00,3222.05,3241.70,1405955,NSE
2022-11-01,3214.50,3262.60,3203.45,3259.70,2991060,NSE
2022-10-31,3199.00,3199.00,3177.80,3193.15,1919414,NSE
2022-10-28,3150.00,3178.50,3145.00,3163.25,1355739,NSE
2022-10-27,3160.70,3174.00,3134.35,3157.40,2438421,NSE
2022-10-25,3180.50,3184.25,3151.15,3162.10,2069643,NSE
2022-10-24,3170.10,3178.00,3155.00,3161.70,260949,NSE
2022-10-21,3157.80,3160.40,3127.00,3137.40,1021913,NSE
2022-10-20,3105.00,3160.00,3105.00,3157.30,1587601,NSE
2022-10-19,3159.00,3159.00,3112.00,3121.85,1194289,NSE
2022-10-18,3150.00,3155.35,3128.55,3144.70,1793722,NSE
2022-10-17,3072.65,3128.40,3071.45,3111.75,1517005,NSE
2022-10-14,3145.00,3150.00,3071.00,3099.15,2245977,NSE
2022-10-13,3100.75,3110.00,3052.35,3103.30,2054781,NSE
2022-10-12,3084.90,3109.90,3062.05,3100.75,1665247,NSE
2022-10-11,3100.00,3145.00,3053.35,3069.55,4730645,NSE
2022-10-10,3010.00,3127.00,3005.00,3118.55,3064063,NSE
2022-10-07,3097.40,3105.00,3058.10,3064.90,1939879,NSE
2022-10-06,3111.00,3124.00,3092.45,3101.95,1790816,NSE
2022-10-04,3029.95,3098.00,3023.00,3091.15,2145875,NSE
2022-10-03,2995.00,3020.70,2974.00,2984.95,1763331,NSE
2022-09-30,2990.85,3019.70,2950.10,3004.55,2817353,NSE
2022-09-29,3054.00,3055.85,2990.00,2997.30,2493902,NSE
2022-09-28,2980.00,3049.95,2980.00,3035.65,2739767,NSE
2022-09-27,3009.40,3025.00,2976.00,3017.45,2227447,NSE
2022-09-26,2959.85,3025.85,2926.10,2994.40,2925489,NSE
2022-09-23,3004.00,3022.50,2979.00,2982.05,2652374,NSE
2022-09-22,2990.00,3029.95,2979.30,3007.40,2017983,NSE
2022-09-21,3028.00,3041.40,2998.15,3001.20,2253818,NSE
2022-09-20,3050.00,3079.95,3030.00,3040.30,1544295,NSE
2022-09-19,3036.00,3042.00,2987.80,3028.80,2072220,NSE
2022-09-16,3076.00,3094.35,3000.00,3008.70,5322221,NSE
2022-09-15,3130.00,3137.75,3100.00,3104.35,2138023,NSE
2022-09-14,3135.00,3141.40,3113.80,3120.40,5090269,NSE
2022-09-13,3263.45,3263.45,3225.00,3229.35,1972678,NSE
2022-09-12,3239.90,3269.80,3225.00,3242.95,1785928,NSE
2022-09-09,3195.00,3233.50,3168.50,3217.65,1561185,NSE
2022-09-08,3170.00,3183.50,3160.10,3169.65,1346113,NSE
2022-09-07,3102.00,3161.90,3102.00,3149.60,1291534,NSE
2022-09-06,3135.50,3140.85,3106.35,3127.05,1936453,NSE
2022-09-05,3123.65,3147.95,3112.25,3133.40,2147912,NSE
2022-09-02,3163.00,3163.00,3120.30,3130.40,2052900,NSE
2022-09-01,3190.00,3190.00,3121.00,3131.70,3546935,NSE
2022-08-30,3155.00,3226.50,3142.10,3211.15,3431525,NSE
2022-08-29,3125.00,3142.70,3081.00,3132.55,2539173,NSE
2022-08-26,3234.30,3257.00,3216.80,3222.20,1457962,NSE
2022-08-25,3276.00,3278.15,3214.75,3218.20,1946930,NSE
2022-08-24,3292.00,3308.00,3250.20,3255.35,1691923,NSE
2022-08-23,3319.95,3341.90,3270.00,3284.60,1849256,NSE
2022-08-22,3365.00,3384.10,3347.40,3354.55,1536532,NSE
2022-08-19,3387.00,3421.50,3371.25,3385.75,1398410,NSE
2022-08-18,3390.00,3392.00,3362.00,3381.25,1430659,NSE
2022-08-17,3385.10,3417.95,3371.10,3401.10,1622326,NSE
2022-08-16,3411.00,3414.85,3387.50,3392.70,839942,NSE
2022-08-12,3419.00,3419.00,3381.25,3401.55,1472354,NSE
2022-08-11,3400.00,3428.70,3375.05,3422.50,1449248,NSE
2022-08-10,3385.00,3385.00,3335.00,3354.25,1878359,NSE
2022-08-08,3365.00,3378.90,3336.00,3374.45,1068836,NSE
2022-08-05,3361.20,3377.00,3355.00,3365.05,1106933,NSE
2022-08-04,3350.00,3387.90,3307.35,3354.95,2150567,NSE
2022-08-03,3280.00,3349.00,3277.05,3339.50,2895824,NSE
2022-08-02,3290.00,3312.90,3271.65,3291.80,1269114,NSE
2022-08-01,3327.00,3327.00,3271.00,3298.80,1306913,NSE
2022-07-29,3290.00,3317.30,3275.00,3301.90,2430257,NSE
2022-07-28,3216.00,3264.00,3201.65,3260.50,2106333,NSE
2022-07-27,3115.00,3194.10,3110.00,3188.85,1389808,NSE
2022-07-26,3164.70,3168.90,3096.50,3115.90,2639367,NSE
2022-07-25,3165.00,3186.45,3149.10,3166.75,1797504,NSE
2022-07-22,3185.00,3197.00,3143.50,3171.00,2075886,NSE
2022-07-21,3167.00,3184.00,3144.05,3177.30,2420640,NSE
2022-07-20,3107.80,3171.95,3098.05,3164.80,3402251,NSE
2022-07-19,3030.05,3078.95,3030.05,3074.25,1865074,NSE
2022-07-18,3023.00,3076.95,3014.30,3063.50,3202795,NSE
2022-07-15,3018.55,3028.90,2953.00,2994.60,4574806,NSE
2022-07-14,3056.00,3057.00,2967.00,2998.75,4764908,NSE
2022-07-13,3104.00,3110.00,3035.00,3038.75,3863530,NSE
2022-07-12,3114.90,3136.20,3080.25,3084.70,3734815,NSE
2022-07-11,3206.15,3225.00,3106.00,3113.80,6974600,NSE
2022-07-08,3300.00,3305.00,3250.00,3265.45,2136916,NSE
2022-07-07,3271.00,3319.40,3265.05,3287.85,1989921,NSE
2022-07-06,3218.50,3268.50,3202.25,3260.75,2182144,NSE
2022-07-05,3255.00,3272.00,3206.95,3216.30,2170627,NSE
2022-07-04,3312.00,3317.95,3225.05,3235.05,2622535,NSE
2022-07-01,3260.00,3333.00,3252.05,3315.10,1502879,NSE
2022-06-30,3272.00,3310.90,3255.00,3267.10,2719603,NSE
2022-06-29,3271.00,3333.00,3271.00,3290.50,2133994,NSE
2022-06-28,3307.00,3330.00,3272.60,3318.15,1400046,NSE
2022-06-27,3350.00,3362.90,3306.50,3314.70,2037686,NSE
2022-06-24,3339.00,3345.00,3277.50,3293.10,2132118,NSE
2022-06-23,3222.95,3318.00,3222.95,3308.80,3692578,NSE
2022-06-22,3199.90,3250.55,3183.00,3222.95,3336315,NSE
2022-06-21,3130.00,3237.75,3125.40,3211.95,2964461,NSE
2022-06-20,3094.00,3138.75,3069.00,3112.40,1502769,NSE
2022-06-17,3092.00,3118.75,3023.85,3088.90,5240434,NSE
2022-06-16,3240.00,3244.85,3133.05,3142.00,2032028,NSE
2022-06-15,3218.50,3234.00,3201.00,3206.30,1404536,NSE
2022-06-14,3190.00,3238.90,3174.70,3210.55,2611493,NSE
2022-06-13,3290.00,3293.00,3192.45,3219.60,3030921,NSE
2022-06-10,3382.00,3393.00,3352.00,3359.90,1527582,NSE
2022-06-09,3385.00,3437.00,3353.10,3427.10,1279197,NSE
2022-06-08,3380.15,3413.95,3346.50,3404.15,2185707,NSE
2022-06-07,3401.05,3418.85,3356.00,3362.70,2308256,NSE
2022-06-06,3418.00,3453.00,3377.15,3430.95,1084210,NSE
2022-06-03,3459.40,3477.30,3431.20,3440.15,1913622,NSE
2022-06-02,3355.00,3432.00,3346.30,3423.00,2657939,NSE
2022-06-01,3388.00,3388.00,3340.05,3355.20,1493835,NSE
2022-05-31,3354.15,3383.40,3325.00,3364.35,4840965,NSE
2022-05-30,3297.00,3386.60,3286.35,3375.25,2094624,NSE
2022-05-27,3253.20,3278.90,3229.20,3261.30,3103153,NSE
2022-05-26,3191.00,3241.50,3180.55,3226.95,2813186,NSE
2022-05-25,3292.85,3292.85,3154.05,3167.65,3548046,NSE
2022-05-24,3315.15,3324.85,3275.60,3288.00,1711510,NSE
2022-05-23,3304.80,3338.90,3267.00,3321.75,2293690,NSE
2022-05-20,3310.00,3313.90,3270.05,3293.00,3065125,NSE
2022-05-19,3397.00,3405.00,3230.00,3261.95,4642963,NSE
2022-05-18,3465.00,3495.00,3443.05,3448.80,1866781,NSE
2022-05-17,3370.00,3467.00,3350.40,3451.60,1754076,NSE
2022-05-16,3415.00,3430.00,3366.60,3376.80,1195813,NSE
2022-05-13,3435.00,3439.90,3382.15,3414.90,2187823,NSE
2022-05-12,3378.00,3449.70,3350.10,3408.65,2807195,NSE
2022-05-11,3435.00,3448.45,3382.15,3412.00,1841769,NSE
2022-05-10,3434.00,3464.80,3422.00,3438.75,1622685,NSE
2022-05-09,3398.00,3456.00,3346.85,3445.10,2481830,NSE
2022-05-06,3459.00,3474.50,3424.50,3432.60,2010812,NSE
2022-05-05,3512.10,3533.00,3485.35,3513.40,1612262,NSE
2022-05-04,3538.50,3545.45,3465.30,3479.75,2305825,NSE
2022-05-02,3519.90,3547.95,3492.75,3542.40,1324161,NSE
2022-04-29,3597.00,3623.25,3536.85,3546.70,2051115,NSE
2022-04-28,3588.00,3604.40,3538.05,3584.30,1703660,NSE
2022-04-27,3546.00,3568.45,3506.30,3561.20,1727648,NSE
2022-04-26,3575.15,3587.90,3518.15,3546.30,1943469,NSE
2022-04-25,3558.00,3584.00,3533.10,3548.20,1960694,NSE
2022-04-22,3581.10,3617.00,3571.50,3612.55,1581465,NSE
2022-04-21,3580.00,3644.00,3567.40,3628.65,2280996,NSE
2022-04-20,3500.00,3569.15,3480.00,3556.80,2640370,NSE
2022-04-19,3550.00,3563.55,3439.15,3471.90,3170014,NSE
2022-04-18,3610.00,3610.00,3522.50,3528.05,3820792,NSE
2022-04-13,3707.00,3709.85,3655.55,3661.95,1621672,NSE
2022-04-12,3683.00,3739.00,3648.35,3691.10,4483476,NSE
2022-04-11,3690.00,3712.35,3656.10,3696.40,2291660,NSE
2022-04-08,3690.00,3705.00,3642.50,3685.65,2296773,NSE
2022-04-07,3745.50,3745.50,3679.00,3684.15,2494829,NSE
2022-04-06,3809.30,3809.30,3731.15,3755.35,2051729,NSE
2022-04-05,3772.00,3835.60,3772.00,3814.80,2314947,NSE
2022-04-04,3762.00,3780.00,3737.10,3770.35,1472994,NSE
2022-04-01,3748.00,3763.00,3728.05,3758.75,1387014,NSE
2022-03-31,3740.00,3754.65,3720.20,3739.95,2168110,NSE
2022-03-30,3738.00,3738.00,3706.20,3731.55,1583455,NSE
2022-03-29,3694.75,3722.00,3691.00,3705.35,2689063,NSE
2022-03-28,3695.00,3713.00,3661.20,3707.70,1760990,NSE
2022-03-25,3759.90,3779.50,3672.00,3707.45,1690133,NSE
2022-03-24,3700.00,3758.20,3695.00,3749.85,1879046,NSE
2022-03-23,3708.00,3729.80,3690.00,3712.40,1596195,NSE
2022-03-22,3640.00,3711.00,3625.00,3700.95,2907611,NSE
2022-03-21,3696.00,3713.95,3615.00,3626.70,2413831,NSE
2022-03-17,3696.60,3710.00,3660.30,3672.75,3600452,NSE
2022-03-16,3640.50,3668.00,3616.25,3655.90,3090475,NSE
2022-03-15,3659.00,3659.00,3585.40,3593.90,3651133,NSE
2022-03-14,3580.00,3648.35,3580.00,3643.00,1765688,NSE
2022-03-11,3603.25,3639.85,3592.85,3599.15,1623423,NSE
2022-03-10,3684.00,3684.00,3615.00,3620.95,2005441,NSE
2022-03-09,3605.00,3654.00,3597.05,3632.60,2719654,NSE
2022-03-08,3460.00,3609.00,3460.00,3599.95,3300992,NSE
2022-03-07,3450.00,3548.00,3431.55,3484.90,3054130,NSE
2022-03-04,3501.50,3561.20,3487.05,3524.35,2370257,NSE
2022-03-03,3562.85,3578.60,3530.10,3544.40,1928039,NSE
2022-03-02,3552.50,3571.95,3506.00,3546.15,2761341,NSE
2022-02-28,3490.00,3563.75,3455.90,3554.20,3288942,NSE
2022-02-25,3468.00,3530.00,3462.00,3520.75,2549723,NSE
2022-02-24,3474.00,3483.85,3391.10,3401.65,5039136,NSE
2022-02-23,3611.00,3622.90,3555.65,3563.80,2426203,NSE
2022-02-22,3650.00,3667.90,3570.00,3586.40,5408531,NSE
2022-02-21,3810.00,3827.80,3705.55,3719.40,7465922,NSE
2022-02-18,3769.00,3815.95,3757.60,3793.90,3688883,NSE
2022-02-17,3825.00,3835.00,3779.00,3784.20,3134372,NSE
2022-02-16,3844.00,3854.10,3806.00,3813.10,3256906,NSE
2022-02-15,3786.00,3835.00,3748.00,3817.80,3931683,NSE
2022-02-14,3724.00,3793.25,3710.00,3733.75,5951745,NSE
2022-02-11,3752.50,3752.50,3690.00,3694.95,3851488,NSE
2022-02-10,3789.80,3789.80,3758.00,3770.35,2112459,NSE
2022-02-09,3750.00,3777.95,3746.10,3760.55,1638721,NSE
2022-02-08,3791.55,3799.70,3721.00,3743.45,2946443,NSE
2022-02-07,3791.00,3831.80,3756.15,3779.00,1919149,NSE
2022-02-04,3815.30,3824.70,3769.00,3814.90,2307366,NSE
2022-02-03,3851.00,3882.50,3816.05,3824.60,1960538,NSE
2022-02-02,3827.90,3864.00,3800.65,3856.20,1984212,NSE
2022-02-01,3770.00,3808.00,3736.40,3800.65,2105169,NSE
2022-01-31,3749.00,3758.00,3721.40,3736.25,2739393,NSE
2022-01-28,3646.00,3729.80,3646.00,3690.05,3143862,NSE
2022-01-27,3731.00,3733.40,3625.10,3649.25,5718297,NSE
2022-01-25,3769.50,3809.40,3722.20,3769.90,3330501,NSE
2022-01-24,3840.00,3849.65,3740.10,3771.35,3258414,NSE
2022-01-21,3807.00,3851.55,3771.10,3833.50,3112358,NSE
2022-01-20,3910.00,3920.00,3811.00,3826.55,6176776,NSE
2022-01-19,4012.00,4012.00,3910.50,3914.65,3102539,NSE
2022-01-18,4033.95,4041.70,3980.00,3990.60,2389041,NSE
2022-01-17,3992.70,4043.00,3962.30,4019.15,3442604,NSE
2022-01-14,3877.85,3977.00,3860.05,3968.15,3348123,NSE
2022-01-13,3918.00,3923.00,3857.00,3897.90,6684507,NSE
2022-01-12,3925.00,3929.00,3836.55,3859.90,3203744,NSE
2022-01-11,3856.00,3925.00,3856.00,3915.90,1906106,NSE
2022-01-10,3978.00,3978.00,3861.00,3879.85,3937092,NSE
2022-01-07,3820.00,3864.90,3796.40,3853.50,2460591,NSE
2022-01-06,3812.00,3835.00,3772.00,3807.45,1810293,NSE
2022-01-05,3865.00,3870.00,3812.40,3860.95,1733031,NSE
2022-01-04,3831.10,3889.15,3811.70,3884.75,2488606,NSE
2022-01-03,3750.00,3830.00,3745.00,3817.75,2346158,NSE
2021-12-31,3742.80,3760.00,3731.30,3738.35,1207141,NSE
2021-12-30,3681.35,3740.00,3680.00,3733.75,1966475,NSE
2021-12-29,3692.25,3719.95,3685.00,3694.70,1456923,NSE
2021-12-28,3710.00,3725.00,3693.85,3706.55,1456218,NSE
2021-12-27,3671.00,3700.00,3653.10,3696.10,1534135,NSE
2021-12-24,3685.00,3705.00,3644.80,3670.90,2209923,NSE
2021-12-23,3648.00,3670.50,3630.00,3662.70,1792861,NSE
2021-12-22,3624.00,3636.80,3606.25,3630.75,1224328,NSE
2021-12-21,3582.65,3641.20,3566.40,3608.30,2340989,NSE
2021-12-20,3589.00,3606.00,3510.15,3556.90,2312310,NSE
2021-12-17,3602.50,3651.35,3573.70,3584.35,4333992,NSE
2021-12-16,3582.00,3608.45,3570.00,3581.60,2072320,NSE
2021-12-15,3620.00,3623.00,3558.15,3570.35,1603233,NSE
2021-12-14,3605.00,3635.00,3576.70,3623.80,1747007,NSE
2021-12-13,3650.00,3662.00,3601.70,3609.65,1883864,NSE
2021-12-10,3585.00,3642.00,3575.10,3636.80,1510718,NSE
2021-12-09,3610.00,3634.75,3566.00,3601.75,1567957,NSE
2021-12-08,3601.00,3646.45,3601.00,3626.90,1428660,NSE
2021-12-07,3562.50,3598.00,3524.30,3584.50,1484458,NSE
2021-12-06,3640.45,3658.00,3522.00,3536.40,1849642,NSE
2021-12-03,3646.45,3665.95,3630.85,3640.45,2486263,NSE
2021-12-02,3589.20,3648.00,3574.10,3642.90,3152938,NSE
2021-12-01,3535.00,3590.00,3535.00,3577.80,2102118,NSE
2021-11-30,3491.00,3563.75,3491.00,3529.15,5588446,NSE
2021-11-29,3447.15,3529.35,3406.45,3502.00,2981745,NSE
2021-11-26,3425.00,3490.00,3411.90,3446.85,1941251,NSE
2021-11-25,3443.90,3463.00,3434.05,3445.90,1849619,NSE
2021-11-24,3472.20,3493.05,3424.00,3443.30,2161746,NSE
2021-11-23,3445.00,3480.95,3407.80,3464.25,2153461,NSE
2021-11-22,3478.40,3515.95,3440.30,3458.40,3167936,NSE
2021-11-18,3515.15,3520.85,3451.60,3475.70,2136598,NSE
2021-11-17,3550.60,3562.85,3506.40,3521.90,1632914,NSE
2021-11-16,3569.00,3575.55,3542.00,3556.40,2013204,NSE
2021-11-15,3528.00,3569.60,3528.00,3553.30,1809157,NSE
2021-11-12,3506.00,3534.15,3485.70,3526.05,1747259,NSE
2021-11-11,3480.00,3510.05,3436.00,3488.20,1284514,NSE
2021-11-10,3498.00,3519.70,3480.20,3484.30,1516489,NSE
2021-11-09,3508.00,3535.00,3496.00,3505.70,1782692,NSE
2021-11-08,3548.00,3548.00,3481.20,3502.75,2526082,NSE
2021-11-04,3512.95,3513.25,3505.00,3508.65,328991,NSE
2021-11-03,3504.20,3519.90,3466.05,3492.25,1537639,NSE
2021-11-02,3494.00,3513.60,3469.75,3484.20,3087414,NSE
2021-11-01,3437.95,3487.00,3412.95,3476.40,2020718,NSE
2021-10-29,3400.05,3461.00,3385.95,3397.75,3960501,NSE
2021-10-28,3518.00,3518.00,3415.00,3421.65,2424942,NSE
2021-10-27,3483.00,3511.25,3483.00,3489.75,2510813,NSE
2021-10-26,3494.50,3529.00,3475.00,3482.60,3878763,NSE
2021-10-25,3503.00,3514.55,3450.00,3492.95,2595594,NSE
2021-10-22,3560.00,3561.60,3485.00,3498.85,2691670,NSE
2021-10-21,3604.10,3607.45,3511.25,3532.50,4871211,NSE
2021-10-20,3612.00,3630.00,3578.30,3608.85,2933693,NSE
2021-10-19,3669.00,3690.10,3625.20,3634.15,3135441,NSE
2021-10-18,3603.45,3652.70,3601.45,3647.15,3590107,NSE
2021-10-14,3625.00,3670.00,3608.20,3611.45,6442299,NSE
2021-10-13,3650.00,3675.45,3645.00,3655.20,3545655,NSE
2021-10-12,3706.00,3707.00,3630.60,3652.85,5752877,NSE
2021-10-11,3755.00,3757.50,3660.00,3685.60,11845402,NSE
2021-10-08,3925.00,3989.90,3900.00,3935.65,2934339,NSE
2021-10-07,3830.00,3899.00,3820.05,3892.90,1647233,NSE
2021-10-06,3836.00,3857.45,3795.00,3810.90,1678154,NSE
2021-10-05,3754.00,3840.00,3741.60,3833.30,1877966,NSE
2021-10-04,3724.80,3783.65,3707.45,3773.30,1356860,NSE
2021-10-01,3781.75,3810.00,3725.00,3730.20,1578374,NSE
2021-09-30,3805.00,3805.00,3750.10,3775.55,2252412,NSE
2021-09-29,3759.80,3806.00,3722.15,3791.90,2489161,NSE
2021-09-28,3850.00,3850.00,3751.25,3779.15,2253075,NSE
2021-09-27,3900.00,3904.00,3802.90,3836.95,1673362,NSE
2021-09-24,3890.00,3944.40,3855.00,3871.30,2320754,NSE
2021-09-23,3870.00,3879.00,3835.00,3869.25,2003869,NSE
2021-09-22,3862.50,3896.85,3852.45,3862.15,1744067,NSE
2021-09-21,3858.00,3871.55,3821.65,3862.95,1568129,NSE
2021-09-20,3809.00,3871.00,3807.85,3823.50,2002008,NSE
2021-09-17,3920.00,3945.00,3805.00,3827.85,6477148,NSE
2021-09-16,3930.00,3981.75,3892.10,3903.30,2946666,NSE
2021-09-15,3882.10,3980.00,3866.00,3954.55,2461369,NSE
2021-09-14,3849.95,3896.50,3825.00,3885.90,1991188,NSE
2021-09-13,3767.00,3852.40,3767.00,3845.35,1691473,NSE
2021-09-09,3789.70,3808.70,3765.00,3791.40,1441148,NSE
2021-09-08,3810.00,3815.00,3756.00,3774.15,4147175,NSE
2021-09-07,3864.00,3869.95,3808.25,3815.90,1585039,NSE
2021-09-06,3849.70,3877.60,3814.00,3852.00,1723693,NSE
2021-09-03,3825.00,3856.90,3804.55,3842.05,1746812,NSE
2021-09-02,3734.00,3859.15,3722.00,3836.75,3403717,NSE
2021-09-01,3796.00,3816.70,3707.00,3714.95,2643336,NSE
2021-08-31,3709.40,3804.10,3703.45,3786.45,3207480,NSE
2021-08-30,3715.00,3740.35,3687.60,3701.30,2033114,NSE
2021-08-27,3666.00,3729.50,3651.10,3720.15,3944728,NSE
2021-08-26,3660.00,3687.60,3647.90,3671.85,1902533,NSE
2021-08-25,3610.00,3697.75,3607.05,3659.00,2123263,NSE
2021-08-24,3657.00,3667.35,3594.40,3613.20,2511141,NSE
2021-08-23,3580.00,3673.00,3561.90,3637.40,3744176,NSE
2021-08-20,3506.00,3575.00,3500.00,3559.50,2836148,NSE
2021-08-18,3573.85,3595.00,3536.60,3560.55,2631309,NSE
2021-08-17,3482.10,3560.80,3463.00,3553.05,4336019,NSE
2021-08-16,3460.00,3494.35,3436.50,3472.95,2083489,NSE
2021-08-13,3360.75,3480.00,3357.50,3463.40,4363584,NSE
2021-08-12,3326.00,3368.00,3326.00,3351.75,1310205,NSE
2021-08-11,3350.00,3360.00,3327.10,3344.20,1929707,NSE
2021-08-10,3315.60,3349.90,3315.60,3333.90,2040777,NSE
2021-08-09,3323.90,3337.00,3310.00,3322.70,1510489,NSE
2021-08-06,3272.55,3324.00,3265.00,3309.80,2292362,NSE
2021-08-05,3275.00,3315.00,3262.50,3283.95,2534521,NSE
2021-08-04,3300.00,3305.20,3261.20,3273.95,2929598,NSE
2021-08-03,3229.00,3290.00,3218.95,3284.90,3804735,NSE
2021-08-02,3180.00,3224.90,3167.00,3219.40,2608669,NSE
2021-07-30,3219.00,3223.50,3162.35,3167.45,2999943,NSE
2021-07-29,3200.25,3225.45,3190.30,3195.80,1731997,NSE
2021-07-28,3188.00,3204.45,3132.40,3197.80,1660654,NSE
2021-07-27,3200.00,3210.00,3161.15,3182.95,1121367,NSE
2021-07-26,3200.00,3224.25,3190.85,3197.55,1259611,NSE
2021-07-23,3230.00,3241.55,3206.65,3212.85,1776193,NSE
2021-07-22,3190.00,3224.95,3190.00,3216.35,2859334,NSE
2021-07-20,3184.60,3215.00,3156.15,3205.80,1811945,NSE
2021-07-19,3180.00,3199.80,3176.00,3184.60,1597058,NSE
2021-07-16,3213.00,3219.85,3192.00,3194.80,1256526,NSE
2021-07-15,3227.60,3231.85,3194.00,3202.95,2232968,NSE
2021-07-14,3187.00,3222.00,3185.00,3214.55,2044279,NSE
2021-07-13,3214.00,3214.00,3175.00,3187.55,1809339,NSE
2021-07-12,3235.00,3236.00,3188.35,3193.10,1892226,NSE
2021-07-09,3250.00,3282.00,3201.00,3208.15,6365067,NSE
2021-07-08,3298.00,3298.00,3231.90,3258.50,2485811,NSE
2021-07-07,3275.00,3282.70,3241.60,3274.95,2640710,NSE
2021-07-06,3313.00,3328.00,3256.10,3262.30,2159420,NSE
2021-07-05,3342.00,3374.00,3302.00,3321.00,1972858,NSE
2021-07-02,3331.00,3339.70,3295.20,3325.45,1682274,NSE
2021-07-01,3358.00,3362.00,3332.35,3341.50,990310,NSE
2021-06-30,3346.00,3382.00,3338.50,3345.75,1693146,NSE
2021-06-29,3342.00,3366.30,3326.50,3340.85,1497322,NSE
2021-06-28,3391.50,3391.50,3333.00,3336.75,1355238,NSE
2021-06-25,3375.25,3399.65,3350.00,3380.80,2722861,NSE
2021-06-24,3284.00,3383.00,3278.50,3373.60,4155204,NSE
2021-06-23,3329.00,3329.00,3256.40,3261.40,1467104,NSE
2021-06-22,3304.00,3327.05,3285.00,3301.20,1708688,NSE
2021-06-21,3265.00,3286.00,3251.70,3273.10,1130569,NSE
2021-06-18,3350.90,3358.00,3275.00,3297.30,3380431,NSE
2021-06-17,3265.50,3336.05,3260.00,3317.75,2273413,NSE
2021-06-16,3262.10,3294.70,3253.00,3274.35,1635552,NSE
2021-06-15,3298.00,3298.00,3251.55,3262.75,1304985,NSE
2021-06-14,3279.00,3308.70,3270.35,3276.35,1847360,NSE
2021-06-11,3211.55,3309.00,3211.00,3273.80,3452954,NSE
2021-06-10,3210.00,3224.00,3193.00,3216.80,1874324,NSE
2021-06-09,3202.00,3220.00,3186.20,3200.25,1710925,NSE
2021-06-08,3198.00,3231.00,3187.20,3200.15,2574057,NSE
2021-06-07,3145.00,3190.45,3133.60,3183.20,2559821,NSE
2021-06-04,3128.00,3156.85,3125.00,3143.75,1836060,NSE
2021-06-03,3154.55,3154.55,3122.65,3141.25,1281706,NSE
2021-06-02,3150.85,3159.45,3115.00,3129.45,2240078,NSE
2021-06-01,3168.60,3169.95,3132.00,3153.00,1377441,NSE
2021-05-31,3150.00,3170.35,3128.60,3159.15,1652799,NSE
2021-05-28,3189.50,3198.00,3135.65,3143.60,1763701,NSE
2021-05-27,3161.95,3217.75,3161.80,3180.00,5959785,NSE
2021-05-26,3120.00,3165.00,3103.80,3158.50,1923753,NSE
2021-05-25,3092.00,3128.25,3082.10,3114.00,1841613,NSE
2021-05-24,3081.50,3105.00,3072.00,3081.50,1652260,NSE
2021-05-21,3061.00,3088.20,3055.10,3080.50,1685566,NSE
2021-05-20,3067.10,3088.80,3052.10,3060.00,2329027,NSE
2021-05-19,3084.00,3118.00,3067.10,3082.00,1986041,NSE
2021-05-18,3100.00,3124.00,3078.00,3088.80,2098538,NSE
2021-05-17,3055.00,3075.20,3036.00,3069.75,2890462,NSE
2021-05-14,3098.50,3098.50,3040.00,3051.50,2043935,NSE
2021-05-12,3120.00,3120.00,3070.60,3087.60,1978558,NSE
2021-05-11,3125.00,3128.10,3091.15,3122.60,2415625,NSE
2021-05-10,3145.95,3164.20,3125.00,3145.50,2137153,NSE
2021-05-07,3133.00,3159.85,3111.80,3132.90,1912540,NSE
2021-05-06,3105.50,3134.00,3074.00,3111.45,1791671,NSE
2021-05-05,3070.00,3099.40,3052.40,3095.70,1939289,NSE
2021-05-04,3062.80,3090.00,3035.00,3049.75,1990777,NSE
2021-05-03,3024.90,3055.00,3004.00,3037.00,1545831,NSE
2021-04-30,3099.00,3132.05,3020.00,3035.65,3072305,NSE
2021-04-29,3145.60,3157.35,3105.50,3115.25,1621395,NSE
2021-04-28,3149.95,3151.00,3112.00,3124.10,1639037,NSE
2021-04-27,3106.00,3136.10,3103.00,3132.00,1471417,NSE
2021-04-26,3102.05,3153.00,3088.05,3100.80,2490260,NSE
2021-04-23,3105.00,3119.00,3091.05,3109.50,1615309,NSE
2021-04-22,3148.00,3148.00,3105.25,3118.80,1988980,NSE
2021-04-20,3225.00,3225.35,3126.35,3144.55,3141893,NSE
2021-04-19,3169.00,3189.00,3135.10,3161.80,2679106,NSE
2021-04-16,3229.00,3247.00,3182.60,3195.15,3224657,NSE
2021-04-15,3160.30,3237.25,3087.45,3218.95,6062760,NSE
2021-04-13,3214.00,3214.00,3073.05,3104.05,8654596,NSE
2021-04-12,3322.25,3338.10,3213.20,3246.55,3791828,NSE
2021-04-09,3354.00,3354.35,3308.00,3322.25,2911129,NSE
2021-04-08,3270.00,3335.00,3266.05,3317.35,2578118,NSE
2021-04-07,3259.00,3277.55,3234.80,3271.40,2491268,NSE
2021-04-06,3275.00,3275.00,3230.00,3264.70,2291562,NSE
2021-04-05,3171.00,3263.00,3151.00,3238.90,5317862,NSE
2021-04-01,3191.10,3215.00,3145.00,3165.00,4285076,NSE
2021-03-31,3155.00,3205.00,3132.00,3177.85,3530069,NSE
2021-03-30,3083.00,3188.45,3060.90,3158.55,4694261,NSE
2021-03-26,3090.65,3118.00,3043.05,3066.80,3697370,NSE
2021-03-25,3112.20,3130.85,3050.00,3064.85,3179786,NSE
2021-03-24,3111.20,3152.30,3111.15,3121.10,2207104,NSE
2021-03-23,3140.00,3169.00,3122.85,3142.60,3305973,NSE
2021-03-22,3048.70,3139.45,3018.65,3129.65,2821646,NSE
2021-03-19,3030.00,3099.00,3005.00,3050.20,5776626,NSE
2021-03-18,3125.95,3146.45,2987.05,3036.50,3656306,NSE
2021-03-17,3105.00,3155.00,3085.30,3112.95,3838390,NSE
2021-03-16,3060.00,3141.00,3060.00,3110.05,4894756,NSE
2021-03-15,3041.00,3099.00,3041.00,3066.15,3097140,NSE
2021-03-12,3075.00,3117.00,3041.35,3057.95,2938317,NSE
2021-03-10,3075.00,3093.20,3060.00,3070.95,3053778,NSE
2021-03-09,3006.95,3066.90,2992.10,3050.95,1942397,NSE
2021-03-08,3016.00,3033.00,2996.00,3006.95,2003125,NSE
2021-03-05,3016.10,3063.20,2996.60,3008.05,3203686,NSE
2021-03-04,3023.00,3081.45,3016.05,3049.70,3916760,NSE
2021-03-03,3035.00,3064.00,2996.90,3059.10,3509857,NSE
2021-03-02,2960.00,3025.00,2948.00,3006.35,3306469,NSE
2021-03-01,2926.00,2965.00,2901.80,2924.20,3265871,NSE
2021-02-26,2960.00,2972.35,2880.00,2894.30,5553153,NSE
2021-02-25,2974.00,3029.90,2968.45,2995.30,4224073,NSE
2021-02-24,2972.00,3003.35,2921.15,2948.10,3774549,NSE
2021-02-23,2970.00,3028.00,2968.00,2980.20,3832829,NSE
2021-02-22,3096.00,3096.00,2943.15,2958.45,5366696,NSE
2021-02-19,3058.00,3087.15,3016.15,3071.85,3725028,NSE
2021-02-18,3065.00,3097.90,3031.00,3057.35,4189909,NSE
2021-02-17,3105.10,3132.85,3045.55,3073.10,3678426,NSE
2021-02-16,3150.00,3167.65,3100.00,3108.80,3435770,NSE
2021-02-15,3209.00,3209.00,3131.55,3139.85,2630853,NSE
2021-02-12,3184.20,3245.50,3182.00,3190.80,2777404,NSE
2021-02-11,3215.00,3219.30,3185.05,3206.00,1165882,NSE
2021-02-10,3185.00,3219.40,3157.30,3213.30,2127983,NSE
2021-02-09,3195.00,3245.80,3164.00,3176.90,2658751,NSE
2021-02-08,3189.50,3226.00,3155.15,3214.10,2526592,NSE
2021-02-05,3198.95,3205.85,3129.00,3157.95,2366135,NSE
2021-02-04,3216.05,3237.85,3176.00,3188.45,2057261,NSE
2021-02-03,3213.00,3236.00,3162.65,3200.05,2505866,NSE
2021-02-02,3174.00,3224.00,3150.00,3203.45,2881837,NSE
2021-02-01,3100.00,3165.00,3044.10,3139.35,3985846,NSE
2021-01-29,3210.05,3216.85,3100.00,3111.35,5445659,NSE
2021-01-28,3230.00,3275.00,3183.80,3196.55,3083938,NSE
2021-01-27,3300.00,3306.45,3227.00,3261.05,2786662,NSE
2021-01-25,3308.95,3339.80,3278.65,3291.30,2272887,NSE
2021-01-22,3241.90,3325.00,3241.90,3303.10,3052459,NSE
2021-01-21,3305.00,3309.15,3262.10,3273.85,2778546,NSE
2021-01-20,3270.00,3327.95,3267.10,3308.80,3453446,NSE
2021-01-19,3233.00,3279.00,3232.00,3260.70,2975735,NSE
2021-01-18,3250.00,3256.75,3187.40,3221.75,4160906,NSE
2021-01-15,3235.00,3274.00,3210.00,3233.35,4131692,NSE
2021-01-14,3155.00,3266.50,3120.40,3250.70,6931542,NSE
2021-01-13,3175.00,3177.00,3126.25,3158.95,3572801,NSE
2021-01-12,3176.45,3210.00,3150.00,3174.85,3611458,NSE
2021-01-11,3230.00,3230.00,3146.55,3176.45,9508039,NSE
2021-01-08,3090.00,3128.00,3060.00,3120.90,5879039,NSE
2021-01-07,3075.00,3080.85,3000.25,3032.80,3717827,NSE
2021-01-06,3100.00,3113.50,3037.20,3051.50,3726716,NSE
2021-01-05,3039.60,3114.25,3039.60,3093.00,5801309,NSE
2021-01-04,2950.00,3050.75,2940.95,3039.45,5113293,NSE
2021-01-01,2880.00,2940.00,2879.00,2928.25,2681440,NSE
2020-12-31,2900.00,2905.00,2845.00,2862.75,4040956,NSE
2020-12-30,2934.40,2947.70,2902.00,2909.30,2637968,NSE
2020-12-29,2920.00,2952.00,2920.00,2930.50,1994151,NSE
2020-12-28,2910.00,2949.70,2902.00,2929.40,2108994,NSE
2020-12-24,2909.00,2921.35,2883.20,2909.35,1807144,NSE
2020-12-23,2876.05,2919.00,2865.45,2908.75,2790988,NSE
2020-12-22,2834.00,2883.65,2818.65,2872.50,2881737,NSE
2020-12-21,2861.00,2886.50,2785.00,2820.15,2705195,NSE
2020-12-18,2868.00,2898.00,2846.20,2861.00,6076692,NSE
2020-12-17,2811.00,2853.70,2805.00,2838.20,2863460,NSE
2020-12-16,2779.00,2819.80,2760.45,2814.20,2565149,NSE
2020-12-15,2786.00,2794.70,2755.00,2761.55,2365509,NSE
2020-12-14,2802.00,2804.00,2756.25,2797.70,2483658,NSE
2020-12-11,2792.70,2807.70,2764.55,2783.60,1795408,NSE
2020-12-10,2818.00,2827.30,2780.25,2784.30,2127801,NSE
2020-12-09,2815.00,2840.00,2793.15,2810.80,3659996,NSE
2020-12-08,2740.00,2805.55,2732.45,2797.30,4277818,NSE
2020-12-07,2715.00,2744.00,2706.15,2737.70,1996400,NSE
2020-12-04,2710.80,2738.85,2699.00,2727.55,2686527,NSE
2020-12-03,2773.90,2773.90,2700.80,2709.45,2852548,NSE
2020-12-02,2719.00,2754.70,2702.45,2749.55,2509032,NSE
2020-12-01,2679.00,2735.90,2624.45,2726.80,3605017,NSE
2020-11-27,2705.00,2717.70,2669.05,2679.65,6086808,NSE
2020-11-26,2686.00,2730.95,2680.00,2720.60,2341099,NSE
2020-11-25,2729.00,2732.95,2688.20,2701.30,3302249,NSE
2020-11-24,2734.40,2743.00,2705.00,2722.05,3120516,NSE
2020-11-23,2690.00,2730.00,2665.00,2724.25,3706418,NSE
2020-11-20,2655.00,2676.00,2627.55,2660.25,2711471,NSE
2020-11-19,2637.00,2676.15,2630.85,2636.90,4167501,NSE
2020-11-18,2661.00,2664.20,2607.05,2626.65,2893762,NSE
2020-11-17,2695.00,2695.00,2650.05,2666.05,2827273,NSE
2020-11-14,2677.95,2689.00,2660.05,2670.35,298819,NSE
2020-11-13,2655.75,2664.90,2636.00,2656.85,2548093,NSE
2020-11-12,2686.00,2713.00,2661.75,2671.05,2437505,NSE
2020-11-11,2667.95,2692.80,2643.40,2687.80,3242441,NSE
2020-11-10,2697.20,2713.15,2638.35,2649.60,4760020,NSE
2020-11-09,2731.10,2744.00,2695.10,2726.60,3646592,NSE
2020-11-06,2699.00,2713.25,2681.30,2707.45,3884421,NSE
2020-11-05,2685.00,2710.00,2667.00,2685.70,2816502,NSE
2020-11-04,2610.00,2721.85,2610.00,2653.15,4893928,NSE
2020-11-03,2604.00,2665.00,2601.05,2633.60,2879269,NSE
2020-11-02,2660.00,2664.85,2600.05,2604.60,2571196,NSE
2020-10-30,2636.10,2674.35,2621.60,2664.85,3427003,NSE
2020-10-29,2608.00,2655.00,2600.25,2632.65,3105970,NSE
2020-10-28,2650.00,2655.95,2606.00,2622.20,3569515,NSE
2020-10-27,2699.75,2718.15,2624.10,2630.15,3537594,NSE
2020-10-26,2689.95,2709.95,2670.50,2688.20,2672766,NSE
2020-10-23,2687.80,2702.00,2670.10,2686.80,3499372,NSE
2020-10-22,2661.00,2686.65,2638.10,2671.15,5262311,NSE
2020-10-21,2739.00,2749.00,2663.05,2675.40,4570175,NSE
2020-10-20,2725.00,2759.90,2717.95,2739.00,3406298,NSE
2020-10-19,2774.00,2774.00,2706.60,2711.55,3331194,NSE
